Workbook
Name Vendedor1: INDEX([1]Imagem!$B$2:$B$6,MATCH('[1]Análise Gabarito'!$G$15,[1]Imagem!$A$2:$A$6,0))
Name Vendedor2: INDEX([1]Imagem!$B$2:$B$6,MATCH('[1]Análise Gabarito'!$G$14,[1]Imagem!$A$2:$A$6,0))
Name Vendedor3: INDEX([1]Imagem!$B$2:$B$6,MATCH('[1]Análise Gabarito'!$G$13,[1]Imagem!$A$2:$A$6,0))
Name Vendedor4: INDEX([1]Imagem!$B$2:$B$6,MATCH('[1]Análise Gabarito'!$G$12,[1]Imagem!$A$2:$A$6,0))
Name Vendedor5: INDEX([1]Imagem!$B$2:$B$6,MATCH('[1]Análise Gabarito'!$G$11,[1]Imagem!$A$2:$A$6,0))

Sheet Ativos
B2: Ativos
B4: Nome | C4: Data Aquisição | D4: Frequência Manutenção Preventiva (dias) | E4: Última Preventiva | F4: Próxima Preventiva | G4: Ano
B5: Instrumento 6 | C5: 45092 | D5: 360 | E5: =IF(_xlfn.MAXIFS(Controle!B:B,Controle!D:D,Ativos!B5,Controle!E:E,"Preventiva")=0,C5,_xlfn.MAXIFS(Controle!B:B,Controle!D:D,Ativos!B5,Controle!E:E,"Preventiva")) -> 45092 | F5: =E5+D5 -> 45452 | G5: =YEAR(Tabela2[[#This Row],[Próxima Preventiva]]) -> 2024
B6: Instrumento 8 | C6: 45101 | D6: 360 | E6: =IF(_xlfn.MAXIFS(Controle!B:B,Controle!D:D,Ativos!B6,Controle!E:E,"Preventiva")=0,C6,_xlfn.MAXIFS(Controle!B:B,Controle!D:D,Ativos!B6,Controle!E:E,"Preventiva")) -> 45101 | F6: =E6+D6 -> 45461 | G6: =YEAR(Tabela2[[#This Row],[Próxima Preventiva]]) -> 2024
B7: Instrumento 3 | C7: 45144 | D7: 180 | E7: =IF(_xlfn.MAXIFS(Controle!B:B,Controle!D:D,Ativos!B7,Controle!E:E,"Preventiva")=0,C7,_xlfn.MAXIFS(Controle!B:B,Controle!D:D,Ativos!B7,Controle!E:E,"Preventiva")) -> 45144 | F7: =E7+D7 -> 45324 | G7: =YEAR(Tabela2[[#This Row],[Próxima Preventiva]]) -> 2024
B8: Instrumento 4 | C8: 45165 | D8: 180 | E8: =IF(_xlfn.MAXIFS(Controle!B:B,Controle!D:D,Ativos!B8,Controle!E:E,"Preventiva")=0,C8,_xlfn.MAXIFS(Controle!B:B,Controle!D:D,Ativos!B8,Controle!E:E,"Preventiva")) -> 45165 | F8: =E8+D8 -> 45345 | G8: =YEAR(Tabela2[[#This Row],[Próxima Preventiva]]) -> 2024
B9: Instrumento 2 | C9: 45274 | D9: 270 | E9: =IF(_xlfn.MAXIFS(Controle!B:B,Controle!D:D,Ativos!B9,Controle!E:E,"Preventiva")=0,C9,_xlfn.MAXIFS(Controle!B:B,Controle!D:D,Ativos!B9,Controle!E:E,"Preventiva")) -> 45274 | F9: =E9+D9 -> 45544 | G9: =YEAR(Tabela2[[#This Row],[Próxima Preventiva]]) -> 2024
B10: Instrumento 1 | C10: 45333 | D10: 60 | E10: =IF(_xlfn.MAXIFS(Controle!B:B,Controle!D:D,Ativos!B10,Controle!E:E,"Preventiva")=0,C10,_xlfn.MAXIFS(Controle!B:B,Controle!D:D,Ativos!B10,Controle!E:E,"Preventiva")) -> 45333 | F10: =E10+D10 -> 45393 | G10: =YEAR(Tabela2[[#This Row],[Próxima Preventiva]]) -> 2024
B11: Instrumento 7 | C11: 45373 | D11: 360 | E11: =IF(_xlfn.MAXIFS(Controle!B:B,Controle!D:D,Ativos!B11,Controle!E:E,"Preventiva")=0,C11,_xlfn.MAXIFS(Controle!B:B,Controle!D:D,Ativos!B11,Controle!E:E,"Preventiva")) -> 45373 | F11: =E11+D11 -> 45733 | G11: =YEAR(Tabela2[[#This Row],[Próxima Preventiva]]) -> 2025
B12: Instrumento 5 | C12: 45435 | D12: 180 | E12: =IF(_xlfn.MAXIFS(Controle!B:B,Controle!D:D,Ativos!B12,Controle!E:E,"Preventiva")=0,C12,_xlfn.MAXIFS(Controle!B:B,Controle!D:D,Ativos!B12,Controle!E:E,"Preventiva")) -> 45435 | F12: =E12+D12 -> 45615 | G12: =YEAR(Tabela2[[#This Row],[Próxima Preventiva]]) -> 2024

Sheet Controle
B2: Controle
B4: Data | C4: Mês | D4: Item | E4: Tipo de Manutenção | F4: Custo | G4: Status | H4: Peças Substituidas | I4: Conclusão
B5: 45318 | C5: =TEXT(Tabela1[[#This Row],[Data]],"mmmm") -> janeiro | D5: Instrumento 1 | E5: Manutenção Preventiva | F5: 300 | G5: Agendada | H5: Não | I5: Agendar outra manutenção
B6: 45349 | C6: =TEXT(Tabela1[[#This Row],[Data]],"mmmm") -> fevereiro | D6: Instrumento 2 | E6: Manutenção Preventiva | F6: 300 | G6: Agendada | H6: Não | I6: Apto para serviço
B7: 45378 | C7: =TEXT(Tabela1[[#This Row],[Data]],"mmmm") -> março | D7: Instrumento 3 | E7: Manutenção Preditiva | F7: 300 | G7: Agendada | H7: Não | I7: Apto para serviço
B8: 45409 | C8: =TEXT(Tabela1[[#This Row],[Data]],"mmmm") -> abril | D8: Instrumento 4 | E8: Manutenção Preditiva | F8: 300 | G8: Agendada | H8: Não | I8: Apto para serviço
B9: 45439 | C9: =TEXT(Tabela1[[#This Row],[Data]],"mmmm") -> maio | D9: Instrumento 5 | E9: Manutenção Preventiva | F9: 300 | G9: Agendada | H9: Não | I9: Apto para serviço
B10: 45470 | C10: =TEXT(Tabela1[[#This Row],[Data]],"mmmm") -> junho | D10: Instrumento 6 | E10: Manutenção Preventiva | F10: 300 | G10: Agendada | H10: Não | I10: Agendar outra manutenção
B11: 45500 | C11: =TEXT(Tabela1[[#This Row],[Data]],"mmmm") -> julho | D11: Instrumento 7 | E11: Manutenção Preventiva | F11: 300 | G11: Agendada | H11: Não | I11: Apto para serviço
B12: 45409 | C12: =TEXT(Tabela1[[#This Row],[Data]],"mmmm") -> abril | D12: Instrumento 5 | E12: Manutenção Corretiva | F12: 1000 | G12: Realizada | H12: Sim | I12: Apto para serviço
B13: 45318 | C13: =TEXT(Tabela1[[#This Row],[Data]],"mmmm") -> janeiro | D13: Instrumento 6 | E13: Manutenção Corretiva | F13: 1200 | G13: Realizada | H13: Sim | I13: Apto para serviço
B14: 45592 | C14: =TEXT(Tabela1[[#This Row],[Data]],"mmmm") -> outubro | D14: Instrumento 7 | E14: Manutenção Corretiva | F14: 1500 | G14: Realizada | H14: Não | I14: Direcionar para descarte

Sheet Resumo Mês
B2: Resumo e Previsões
B4: Manutenção | C4: Janeiro | D4: Fevereiro | E4: Março | F4: Abril | G4: Maio | H4: Junho | I4: Julho | J4: Agosto | K4: Setembro | L4: Outubro | M4: Novembro | N4: Dezembro | O4: Total
B5: Total | C5: =SUM(C6:C8) -> 2 | D5: =SUM(D6:D8) -> 1 | E5: =SUM(E6:E8) -> 1 | F5: =SUM(F6:F8) -> 2 | G5: =SUM(G6:G8) -> 1 | H5: =SUM(H6:H8) -> 1 | I5: =SUM(I6:I8) -> 1 | J5: =SUM(J6:J8) -> 0 | ... O5: =SUM(O6:O8) -> 10
B6: Manutenção Corretiva | C6: =COUNTIFS(Controle!$E:$E,'Resumo Mês'!$B6,Controle!$C:$C,'Resumo Mês'!C$4) -> 1 | D6: =COUNTIFS(Controle!$E:$E,'Resumo Mês'!$B6,Controle!$C:$C,'Resumo Mês'!D$4) -> 0 | E6: =COUNTIFS(Controle!$E:$E,'Resumo Mês'!$B6,Controle!$C:$C,'Resumo Mês'!E$4) -> 0 | F6: =COUNTIFS(Controle!$E:$E,'Resumo Mês'!$B6,Controle!$C:$C,'Resumo Mês'!F$4) -> 1 | G6: =COUNTIFS(Controle!$E:$E,'Resumo Mês'!$B6,Controle!$C:$C,'Resumo Mês'!G$4) -> 0 | H6: =COUNTIFS(Controle!$E:$E,'Resumo Mês'!$B6,Controle!$C:$C,'Resumo Mês'!H$4) -> 0 | I6: =COUNTIFS(Controle!$E:$E,'Resumo Mês'!$B6,Controle!$C:$C,'Resumo Mês'!I$4) -> 0 | J6: =COUNTIFS(Controle!$E:$E,'Resumo Mês'!$B6,Controle!$C:$C,'Resumo Mês'!J$4) -> 0 | ... N6: =COUNTIFS(Controle!$E:$E,'Resumo Mês'!$B6,Controle!$C:$C,'Resumo Mês'!N$4) -> 0 | O6: =SUM(C6:N6) -> 3
B7: Manutenção Preventiva | C7: =COUNTIFS(Controle!$E:$E,'Resumo Mês'!$B7,Controle!$C:$C,'Resumo Mês'!C$4) -> 1 | D7: =COUNTIFS(Controle!$E:$E,'Resumo Mês'!$B7,Controle!$C:$C,'Resumo Mês'!D$4) -> 1 | E7: =COUNTIFS(Controle!$E:$E,'Resumo Mês'!$B7,Controle!$C:$C,'Resumo Mês'!E$4) -> 0 | F7: =COUNTIFS(Controle!$E:$E,'Resumo Mês'!$B7,Controle!$C:$C,'Resumo Mês'!F$4) -> 0 | G7: =COUNTIFS(Controle!$E:$E,'Resumo Mês'!$B7,Controle!$C:$C,'Resumo Mês'!G$4) -> 1 | H7: =COUNTIFS(Controle!$E:$E,'Resumo Mês'!$B7,Controle!$C:$C,'Resumo Mês'!H$4) -> 1 | I7: =COUNTIFS(Controle!$E:$E,'Resumo Mês'!$B7,Controle!$C:$C,'Resumo Mês'!I$4) -> 1 | J7: =COUNTIFS(Controle!$E:$E,'Resumo Mês'!$B7,Controle!$C:$C,'Resumo Mês'!J$4) -> 0 | ... N7: =COUNTIFS(Controle!$E:$E,'Resumo Mês'!$B7,Controle!$C:$C,'Resumo Mês'!N$4) -> 0 | O7: =SUM(C7:N7) -> 5
B8: Manutenção Preditiva | C8: =COUNTIFS(Controle!$E:$E,'Resumo Mês'!$B8,Controle!$C:$C,'Resumo Mês'!C$4) -> 0 | D8: =COUNTIFS(Controle!$E:$E,'Resumo Mês'!$B8,Controle!$C:$C,'Resumo Mês'!D$4) -> 0 | E8: =COUNTIFS(Controle!$E:$E,'Resumo Mês'!$B8,Controle!$C:$C,'Resumo Mês'!E$4) -> 1 | F8: =COUNTIFS(Controle!$E:$E,'Resumo Mês'!$B8,Controle!$C:$C,'Resumo Mês'!F$4) -> 1 | G8: =COUNTIFS(Controle!$E:$E,'Resumo Mês'!$B8,Controle!$C:$C,'Resumo Mês'!G$4) -> 0 | H8: =COUNTIFS(Controle!$E:$E,'Resumo Mês'!$B8,Controle!$C:$C,'Resumo Mês'!H$4) -> 0 | I8: =COUNTIFS(Controle!$E:$E,'Resumo Mês'!$B8,Controle!$C:$C,'Resumo Mês'!I$4) -> 0 | J8: =COUNTIFS(Controle!$E:$E,'Resumo Mês'!$B8,Controle!$C:$C,'Resumo Mês'!J$4) -> 0 | ... N8: =COUNTIFS(Controle!$E:$E,'Resumo Mês'!$B8,Controle!$C:$C,'Resumo Mês'!N$4) -> 0 | O8: =SUM(C8:N8) -> 2
B11: Manutenções Previstas em | C11: 2024
B13: Nome | C13: Data Aquisição | D13: Frequência Manutenção Preventiva (dias) | E13: Última Preventiva | F13: Próxima Preventiva | G13: Ano
B14: {=_xlfn._xlws.FILTER(Tabela2[#All],Tabela2[[#All],[Ano]]=C11)} -> Instrumento 6 | C14: 45092 | D14: 360 | E14: 45092 | F14: 45452 | G14: 2024
B15: Instrumento 8 | C15: 45101 | D15: 360 | E15: 45101 | F15: 45461 | G15: 2024
B16: Instrumento 3 | C16: 45144 | D16: 180 | E16: 45144 | F16: 45324 | G16: 2024
B17: Instrumento 4 | C17: 45165 | D17: 180 | E17: 45165 | F17: 45345 | G17: 2024
B18: Instrumento 2 | C18: 45274 | D18: 270 | E18: 45274 | F18: 45544 | G18: 2024
B19: Instrumento 1 | C19: 45333 | D19: 60 | E19: 45333 | F19: 45393 | G19: 2024
B20: Instrumento 5 | C20: 45435 | D20: 180 | E20: 45435 | F20: 45615 | G20: 2024

Sheet Análises
A3: Contagem de Tipo de Manutenção | B3: Rótulos de Coluna | G3: Rótulos de Linha | H3: Contagem de Tipo de Manutenção
A4: Rótulos de Linha | B4: Manutenção Corretiva | C4: Manutenção Preditiva | D4: Manutenção Preventiva | E4: Total Geral | G4: Manutenção Corretiva | H4: 3
A5: janeiro | B5: 1 | D5: 1 | E5: 2 | G5: Manutenção Preditiva | H5: 2
A6: fevereiro | D6: 1 | E6: 1 | G6: Manutenção Preventiva | H6: 5
A7: março | C7: 1 | E7: 1 | G7: Total Geral | H7: 10
A8: abril | B8: 1 | C8: 1 | E8: 2
A9: maio | D9: 1 | E9: 1
A10: junho | D10: 1 | E10: 1
A11: julho | D11: 1 | E11: 1 | G11: Rótulos de Linha | H11: Contagem de Tipo de Manutenção
A12: outubro | B12: 1 | E12: 1 | G12: Não | H12: 0.8
A13: Total Geral | B13: 3 | C13: 2 | D13: 5 | E13: 10 | G13: Sim | H13: 0.2
G14: Total Geral | H14: 1
G18: Rótulos de Linha | H18: Contagem de Tipo de Manutenção | J18: Rótulos de Linha | K18: Contagem de Tipo de Manutenção
G19: Agendada | H19: 0.7 | J19: jan | K19: 2
G20: Realizada | H20: 0.3 | J20: fev | K20: 1
G21: Total Geral | H21: 1 | J21: mar | K21: 1
J22: abr | K22: 2
J23: mai | K23: 1
J24: jun | K24: 1
G25: Rótulos de Linha | H25: Contagem de Tipo de Manutenção | J25: jul | K25: 1
G26: Agendar outra manutenção | H26: 2 | J26: out | K26: 1
G27: Apto para serviço | H27: 7 | J27: Total Geral | K27: 10
G28: Direcionar para descarte | H28: 1
G29: Total Geral | H29: 10

Sheet Painel
