Workbook

Sheet Cadastros
A1: Cadastros
A2: Tipo de Chamado | B2: Atendente | C2: Técnico | D2: Serviço
A3: Suporte | B3: João Guilherme | C3: Izabelle Cavalcanti | D3: Preventiva
A4: Garantia | B4: Marcos Pinheiro | C4: Natalia Pereira | D4: Corretiva
A5: Novo Serviço | B5: Samantha Silva | C5: Lucas Fortes | D5: Upgrade equipamento
D6: Atualização equipamento

Sheet Clientes
A1: Clientes
A2: Cliente | B2: Endereço | C2: Cidade | D2: UF | E2: Contato | F2: E-mail
A3: Cliente1 | B3: Endereço1 | C3: Cidade1 | D3: AM | E3: (xx)xxxxx-xxxx | F3: cliente1@email.com
A4: Cliente2 | B4: Endereço2 | C4: Cidade2 | D4: AP | E4: (xx)xxxxx-xxxx | F4: cliente1@email.com
A5: Cliente3 | B5: Endereço3 | C5: Cidade3 | D5: RS | E5: (xx)xxxxx-xxxx | F5: cliente1@email.com
A6: Cliente4 | B6: Endereço4 | C6: Cidade4 | D6: PB | E6: (xx)xxxxx-xxxx | F6: cliente1@email.com
A7: Cliente5 | B7: Endereço5 | C7: Cidade5 | D7: PE | E7: (xx)xxxxx-xxxx | F7: cliente1@email.com
A8: Cliente6 | B8: Endereço6 | C8: Cidade6 | D8: MG | E8: (xx)xxxxx-xxxx | F8: cliente1@email.com
A9: Cliente7 | B9: Endereço7 | C9: Cidade7 | D9: SP | E9: (xx)xxxxx-xxxx | F9: cliente1@email.com
A10: Cliente8 | B10: Endereço8 | C10: Cidade8 | D10: MT | E10: (xx)xxxxx-xxxx | F10: cliente1@email.com

Sheet Ordens de Serviços
A1: Ordens de Serviços
A2: Código | B2: Data atendimento | C2: Tipo Chamado | D2: Atendente | E2: Cliente | F2: Serviço | G2: Técnico | H2: Preço | I2: Data Agendamento | J2: Situação OS | K2: Situação Problema
A3: =ROW()-2 -> 1 | B3: 44576 | C3: Garantia | D3: Marcos Pinheiro | E3: Cliente6 | F3: Corretiva | G3: Natalia Pereira | H3: 300 | I3: 44591 | J3: Resolvido | K3: Resolvido
A4: =ROW()-2 -> 2 | B4: 44581 | C4: Garantia | D4: Marcos Pinheiro | E4: Cliente1 | F4: Preventiva | G4: Izabelle Cavalcanti | H4: 200 | I4: 44596 | J4: Agendado | K4: Não Resolvido
A5: =ROW()-2 -> 3 | B5: 44594 | C5: Novo Serviço | D5: Samantha Silva | E5: Cliente8 | F5: Upgrade equipamento | G5: Lucas Fortes | H5: 150 | I5: 44609 | J5: Suspenso | K5: Resolvido
A6: =ROW()-2 -> 4 | B6: 44625 | C6: Garantia | D6: Marcos Pinheiro | E6: Cliente7 | F6: Atualização equipamento | G6: Natalia Pereira | H6: 175 | I6: 44640 | J6: Cancelado | K6: Resolvido
A7: =ROW()-2 -> 5 | B7: 44647 | C7: Suporte | D7: João Guilherme | E7: Cliente4 | F7: Corretiva | G7: Lucas Fortes | H7: 250 | I7: 44662 | J7: Agendado | K7: Não Resolvido
A8: =ROW()-2 -> 6 | B8: 44718 | C8: Novo Serviço | D8: Samantha Silva | E8: Cliente3 | F8: Preventiva | G8: Izabelle Cavalcanti | H8: 200 | I8: 44733 | J8: Resolvido | K8: Resolvido
A9: =ROW()-2 -> 7 | B9: 44762 | C9: Garantia | D9: Marcos Pinheiro | E9: Cliente2 | F9: Upgrade equipamento | G9: Izabelle Cavalcanti | H9: 100 | I9: 44777 | J9: Resolvido | K9: Resolvido
A10: =ROW()-2 -> 8 | B10: 44817 | C10: Suporte | D10: João Guilherme | E10: Cliente5 | F10: Atualização equipamento | G10: Natalia Pereira | H10: 400 | I10: 44832 | J10: Cancelado | K10: Não Resolvido

Sheet Imprimir OS
B2: Selecionar OS: | C2: 1 | E2: Ordem de Serviço | G2: Número OS
G3: =C2 -> 1
E4: Cliente | F4: Endereço | G4: Cidade | H4: UF
E5: =VLOOKUP(C2,Tabela1[],5,0) -> Cliente6 | F5: =VLOOKUP(E5,Tabela6[],2,0) -> Endereço6 | G5: =VLOOKUP(E5,Tabela6[],3,0) -> Cidade6 | H5: =VLOOKUP(E5,Tabela6[],4,0) -> MG
E6: Data Atendimento | F6: Data Agendamento | G6: Atendente
E7: =VLOOKUP(C2,Tabela1[],2,0) -> 44576 | F7: =VLOOKUP(C2,Tabela1[],9,0) -> 44591 | G7: =VLOOKUP(C2,Tabela1[],4,0) -> Marcos Pinheiro
E8: Tipo de Chamado | F8: Serviço | G8: Situação OS
E9: =VLOOKUP(C2,Tabela1[],3,0) -> Garantia | F9: =VLOOKUP(C2,Tabela1[],6,0) -> Corretiva | G9: =VLOOKUP(C2,Tabela1[],10,0) -> Resolvido
E10: Técnico | F10: Preço | G10: Situação Problema
E11: =VLOOKUP(C2,Tabela1[],7,0) -> Natalia Pereira | F11: =VLOOKUP(C2,Tabela1[],8,0) -> 300 | G11: =VLOOKUP(C2,Tabela1[],11,0) -> Resolvido

Sheet Painel

Sheet Cálculos
A1: Oss abertas | B1: =COUNTIFS('Ordens de Serviços'!J:J,"Agendado")+COUNTIFS('Ordens de Serviços'!J:J,"Suspenso") -> 3 | D1: Resolvidos | E1: =COUNTIFS('Ordens de Serviços'!K:K,"Resolvido") -> 5
A2: Oss resolvidas | B2: =COUNTIFS('Ordens de Serviços'!J:J,"Resolvido")+COUNTIFS('Ordens de Serviços'!J:J,"Cancelado") -> 5 | D2: Não Resolvidos | E2: =COUNTIFS('Ordens de Serviços'!K:K,"Não Resolvido") -> 3
A5: Por tipo chamado | D5: Por técnico
A6: {=tipos_chamado[Tipo de Chamado]} -> Suporte | B6: =COUNTIFS('Ordens de Serviços'!C:C,Cálculos!A6) -> 2 | D6: {=tecnicos[Técnico]} -> Izabelle Cavalcanti | E6: =COUNTIFS('Ordens de Serviços'!G:G,Cálculos!D6) -> 3
A7: Garantia | B7: =COUNTIFS('Ordens de Serviços'!C:C,Cálculos!A7) -> 4 | D7: Natalia Pereira | E7: =COUNTIFS('Ordens de Serviços'!G:G,Cálculos!D7) -> 3
A8: Novo Serviço | B8: =COUNTIFS('Ordens de Serviços'!C:C,Cálculos!A8) -> 2 | D8: Lucas Fortes | E8: =COUNTIFS('Ordens de Serviços'!G:G,Cálculos!D8) -> 2
