Workbook

Sheet Cadastro
D1: Cadastros
E3: Clientes | J3: Funcionários
E4: Nome | F4: E-mail | G4: Telefone | H4: Preferencia | J4: Nome | K4: E-mail | L4: Telefone
E5: Michael Scott | F5: michael@email1 | G5: 21111111111 | H5: Whatsapp | J5: Marco Santos | K5: santos@email2.com | L5: 21111111111
E6: Walter White | F6: walter@email1.com | G6: 11222222222 | H6: E-mail | J6: Adalberto Torres | K6: torres@email2.com | L6: 11222222222
E7: Claire Underwood | F7: claire@email1.com | G7: 31333333333 | H7: Telefone | J7: Celina Justo | K7: justo@email2.com | L7: 31333333333
E8: Agostinho Carrara | F8: agostinho_taxi@email1.com | G8: 41444444444 | H8: Telegram | J8: Samantha Alves | K8: alves@email2.com | L8: 41444444444
E9: Dwight Schrute | F9: dwight@dundermifflin.com | G9: 46555555555 | H9: Facebook | J9: Felipe Duarte | K9: duarte@email2.com | L9: 46555555555
E10: Zoe Barnes | F10: zoe@nytimes.com | G10: 54666666666 | H10: Instagram | J10: Suzane Barbosa | K10: barbosa@email2.com | L10: 54666666666
E11: Dona Benta | F11: benta@sitio.com.br | G11: 62777777777 | H11: Whatsapp | J11: Mariana Rosa | K11: rosa@email2.com | L11: 62777777777

Sheet Agendamentos
D1: Agendamentos
E3: Serviço Prestado | F3: Cliente | G3: Funcionário | H3: Data | I3: Horário | J3: Chave | K3: Status
E4: Serviço 1 | F4: Walter White | G4: Marco Santos | H4: 45298 | I4: 7h | J4: =TEXT(Tabela4[[#This Row],[Data]],"dd/mmm")&Tabela4[[#This Row],[Horário]] -> 07/jan7h | K4: Realizado
E5: Serviço 2 | F5: Michael Scott | G5: Adalberto Torres | H5: 45293 | I5: 7h30m | J5: =TEXT(Tabela4[[#This Row],[Data]],"dd/mmm")&Tabela4[[#This Row],[Horário]] -> 02/jan7h30m | K5: Cancelado
E6: Serviço 3 | F6: Dona Benta | G6: Celina Justo | H6: 45294 | I6: 8h | J6: =TEXT(Tabela4[[#This Row],[Data]],"dd/mmm")&Tabela4[[#This Row],[Horário]] -> 03/jan8h | K6: Realizado
E7: Serviço 1 | F7: Michael Scott | G7: Samantha Alves | H7: 45295 | I7: 8h30m | J7: =TEXT(Tabela4[[#This Row],[Data]],"dd/mmm")&Tabela4[[#This Row],[Horário]] -> 04/jan8h30m | K7: Cancelado
E8: Serviço 3 | F8: Agostinho Carrara | G8: Felipe Duarte | H8: 45296 | I8: 9h | J8: =TEXT(Tabela4[[#This Row],[Data]],"dd/mmm")&Tabela4[[#This Row],[Horário]] -> 05/jan9h | K8: Realizado
E9: Serviço 2 | F9: Claire Underwood | G9: Suzane Barbosa | H9: 45294 | I9: 8h30m | J9: =TEXT(Tabela4[[#This Row],[Data]],"dd/mmm")&Tabela4[[#This Row],[Horário]] -> 03/jan8h30m | K9: Realizado
E10: Serviço 1 | F10: Zoe Barnes | G10: Mariana Rosa | H10: 45295 | I10: 9h | J10: =TEXT(Tabela4[[#This Row],[Data]],"dd/mmm")&Tabela4[[#This Row],[Horário]] -> 04/jan9h | K10: Realizado
E11: Serviço 4 | F11: Dona Benta | G11: Marco Santos | H11: 45299 | I11: 10h30m | J11: =TEXT(Tabela4[[#This Row],[Data]],"dd/mmm")&Tabela4[[#This Row],[Horário]] -> 08/jan10h30m | K11: Realizado
E12: Serviço 1 | F12: Zoe Barnes | G12: Adalberto Torres | H12: 45300 | I12: 11h | J12: =TEXT(Tabela4[[#This Row],[Data]],"dd/mmm")&Tabela4[[#This Row],[Horário]] -> 09/jan11h | K12: Cancelado
E13: Serviço 2 | F13: Zoe Barnes | G13: Celina Justo | H13: 45301 | I13: 11h30m | J13: =TEXT(Tabela4[[#This Row],[Data]],"dd/mmm")&Tabela4[[#This Row],[Horário]] -> 10/jan11h30m | K13: Realizado
E14: Serviço 3 | F14: Dwight Schrute | G14: Samantha Alves | H14: 45302 | I14: 12h | J14: =TEXT(Tabela4[[#This Row],[Data]],"dd/mmm")&Tabela4[[#This Row],[Horário]] -> 11/jan12h | K14: Agendado
E15: Serviço 1 | F15: Dwight Schrute | G15: Felipe Duarte | H15: 45303 | I15: 12h30m | J15: =TEXT(Tabela4[[#This Row],[Data]],"dd/mmm")&Tabela4[[#This Row],[Horário]] -> 12/jan12h30m | K15: Agendado
... E23: Serviço 3 | F23: Agostinho Carrara | G23: Suzane Barbosa | H23: 45310 | I23: 16h30m | J23: =TEXT(Tabela4[[#This Row],[Data]],"dd/mmm")&Tabela4[[#This Row],[Horário]] -> 19/jan16h30m | K23: Agendado
J24: =TEXT(Tabela4[[#This Row],[Data]],"dd/mmm")&Tabela4[[#This Row],[Horário]] -> 00/jan
J25: =TEXT(Tabela4[[#This Row],[Data]],"dd/mmm")&Tabela4[[#This Row],[Horário]] -> 00/jan
J26: =TEXT(Tabela4[[#This Row],[Data]],"dd/mmm")&Tabela4[[#This Row],[Horário]] -> 00/jan
J27: =TEXT(Tabela4[[#This Row],[Data]],"dd/mmm")&Tabela4[[#This Row],[Horário]] -> 00/jan
J28: =TEXT(Tabela4[[#This Row],[Data]],"dd/mmm")&Tabela4[[#This Row],[Horário]] -> 00/jan
J29: =TEXT(Tabela4[[#This Row],[Data]],"dd/mmm")&Tabela4[[#This Row],[Horário]] -> 00/jan
J30: =TEXT(Tabela4[[#This Row],[Data]],"dd/mmm")&Tabela4[[#This Row],[Horário]] -> 00/jan

Sheet Cronograma
D1: Cronograma
E3: Horário | F3: 01/jan | G3: 02/jan | H3: 03/jan | I3: 04/jan | J3: 05/jan | K3: 06/jan | L3: 07/jan | M3: 08/jan | N3: 09/jan | O3: 10/jan | P3: 11/jan | Q3: 12/jan | R3: 13/jan | S3: 14/jan | T3: 15/jan | U3: 16/jan | V3: 17/jan | W3: 18/jan | X3: 19/jan | Y3: 20/jan | Z3: 21/jan | AA3: 22/jan | AB3: 23/jan | AC3: 24/jan | AD3: 25/jan | AE3: 26/jan | AF3: 27/jan | AG3: 28/jan | AH3: 29/jan | AI3: 30/jan | AJ3: 31/jan
E4: 7h | F4: =IFERROR(VLOOKUP(F$3&$E4,Agendamentos!$J:$K,2,0),"") | G4: =IFERROR(VLOOKUP(G$3&$E4,Agendamentos!$J:$K,2,0),"") | H4: =IFERROR(VLOOKUP(H$3&$E4,Agendamentos!$J:$K,2,0),"") | I4: =IFERROR(VLOOKUP(I$3&$E4,Agendamentos!$J:$K,2,0),"") | J4: =IFERROR(VLOOKUP(J$3&$E4,Agendamentos!$J:$K,2,0),"") | K4: =IFERROR(VLOOKUP(K$3&$E4,Agendamentos!$J:$K,2,0),"") | L4: =IFERROR(VLOOKUP(L$3&$E4,Agendamentos!$J:$K,2,0),"") -> Realizado | M4: =IFERROR(VLOOKUP(M$3&$E4,Agendamentos!$J:$K,2,0),"") | ... AJ4: =IFERROR(VLOOKUP(AJ$3&$E4,Agendamentos!$J:$K,2,0),"")
E5: 7h30m | F5: =IFERROR(VLOOKUP(F$3&$E5,Agendamentos!$J:$K,2,0),"") | G5: =IFERROR(VLOOKUP(G$3&$E5,Agendamentos!$J:$K,2,0),"") -> Cancelado | H5: =IFERROR(VLOOKUP(H$3&$E5,Agendamentos!$J:$K,2,0),"") | I5: =IFERROR(VLOOKUP(I$3&$E5,Agendamentos!$J:$K,2,0),"") | J5: =IFERROR(VLOOKUP(J$3&$E5,Agendamentos!$J:$K,2,0),"") | K5: =IFERROR(VLOOKUP(K$3&$E5,Agendamentos!$J:$K,2,0),"") | L5: =IFERROR(VLOOKUP(L$3&$E5,Agendamentos!$J:$K,2,0),"") | M5: =IFERROR(VLOOKUP(M$3&$E5,Agendamentos!$J:$K,2,0),"") | ... AJ5: =IFERROR(VLOOKUP(AJ$3&$E5,Agendamentos!$J:$K,2,0),"")
E6: 8h | F6: =IFERROR(VLOOKUP(F$3&$E6,Agendamentos!$J:$K,2,0),"") | G6: =IFERROR(VLOOKUP(G$3&$E6,Agendamentos!$J:$K,2,0),"") | H6: =IFERROR(VLOOKUP(H$3&$E6,Agendamentos!$J:$K,2,0),"") -> Realizado | I6: =IFERROR(VLOOKUP(I$3&$E6,Agendamentos!$J:$K,2,0),"") | J6: =IFERROR(VLOOKUP(J$3&$E6,Agendamentos!$J:$K,2,0),"") | K6: =IFERROR(VLOOKUP(K$3&$E6,Agendamentos!$J:$K,2,0),"") | L6: =IFERROR(VLOOKUP(L$3&$E6,Agendamentos!$J:$K,2,0),"") | M6: =IFERROR(VLOOKUP(M$3&$E6,Agendamentos!$J:$K,2,0),"") | ... AJ6: =IFERROR(VLOOKUP(AJ$3&$E6,Agendamentos!$J:$K,2,0),"")
E7: 8h30m | F7: =IFERROR(VLOOKUP(F$3&$E7,Agendamentos!$J:$K,2,0),"") | G7: =IFERROR(VLOOKUP(G$3&$E7,Agendamentos!$J:$K,2,0),"") | H7: =IFERROR(VLOOKUP(H$3&$E7,Agendamentos!$J:$K,2,0),"") -> Realizado | I7: =IFERROR(VLOOKUP(I$3&$E7,Agendamentos!$J:$K,2,0),"") -> Cancelado | J7: =IFERROR(VLOOKUP(J$3&$E7,Agendamentos!$J:$K,2,0),"") | K7: =IFERROR(VLOOKUP(K$3&$E7,Agendamentos!$J:$K,2,0),"") | L7: =IFERROR(VLOOKUP(L$3&$E7,Agendamentos!$J:$K,2,0),"") | M7: =IFERROR(VLOOKUP(M$3&$E7,Agendamentos!$J:$K,2,0),"") | ... AJ7: =IFERROR(VLOOKUP(AJ$3&$E7,Agendamentos!$J:$K,2,0),"")
E8: 9h | F8: =IFERROR(VLOOKUP(F$3&$E8,Agendamentos!$J:$K,2,0),"") | G8: =IFERROR(VLOOKUP(G$3&$E8,Agendamentos!$J:$K,2,0),"") | H8: =IFERROR(VLOOKUP(H$3&$E8,Agendamentos!$J:$K,2,0),"") | I8: =IFERROR(VLOOKUP(I$3&$E8,Agendamentos!$J:$K,2,0),"") -> Realizado | J8: =IFERROR(VLOOKUP(J$3&$E8,Agendamentos!$J:$K,2,0),"") -> Realizado | K8: =IFERROR(VLOOKUP(K$3&$E8,Agendamentos!$J:$K,2,0),"") | L8: =IFERROR(VLOOKUP(L$3&$E8,Agendamentos!$J:$K,2,0),"") | M8: =IFERROR(VLOOKUP(M$3&$E8,Agendamentos!$J:$K,2,0),"") | ... AJ8: =IFERROR(VLOOKUP(AJ$3&$E8,Agendamentos!$J:$K,2,0),"")
E9: 9h30m | F9: =IFERROR(VLOOKUP(F$3&$E9,Agendamentos!$J:$K,2,0),"") | G9: =IFERROR(VLOOKUP(G$3&$E9,Agendamentos!$J:$K,2,0),"") | H9: =IFERROR(VLOOKUP(H$3&$E9,Agendamentos!$J:$K,2,0),"") | I9: =IFERROR(VLOOKUP(I$3&$E9,Agendamentos!$J:$K,2,0),"") | J9: =IFERROR(VLOOKUP(J$3&$E9,Agendamentos!$J:$K,2,0),"") | K9: =IFERROR(VLOOKUP(K$3&$E9,Agendamentos!$J:$K,2,0),"") | L9: =IFERROR(VLOOKUP(L$3&$E9,Agendamentos!$J:$K,2,0),"") | M9: =IFERROR(VLOOKUP(M$3&$E9,Agendamentos!$J:$K,2,0),"") | ... AJ9: =IFERROR(VLOOKUP(AJ$3&$E9,Agendamentos!$J:$K,2,0),"")
E10: 10h | F10: =IFERROR(VLOOKUP(F$3&$E10,Agendamentos!$J:$K,2,0),"") | G10: =IFERROR(VLOOKUP(G$3&$E10,Agendamentos!$J:$K,2,0),"") | H10: =IFERROR(VLOOKUP(H$3&$E10,Agendamentos!$J:$K,2,0),"") | I10: =IFERROR(VLOOKUP(I$3&$E10,Agendamentos!$J:$K,2,0),"") | J10: =IFERROR(VLOOKUP(J$3&$E10,Agendamentos!$J:$K,2,0),"") | K10: =IFERROR(VLOOKUP(K$3&$E10,Agendamentos!$J:$K,2,0),"") | L10: =IFERROR(VLOOKUP(L$3&$E10,Agendamentos!$J:$K,2,0),"") | M10: =IFERROR(VLOOKUP(M$3&$E10,Agendamentos!$J:$K,2,0),"") | ... AJ10: =IFERROR(VLOOKUP(AJ$3&$E10,Agendamentos!$J:$K,2,0),"")
E11: 10h30m | F11: =IFERROR(VLOOKUP(F$3&$E11,Agendamentos!$J:$K,2,0),"") | G11: =IFERROR(VLOOKUP(G$3&$E11,Agendamentos!$J:$K,2,0),"") | H11: =IFERROR(VLOOKUP(H$3&$E11,Agendamentos!$J:$K,2,0),"") | I11: =IFERROR(VLOOKUP(I$3&$E11,Agendamentos!$J:$K,2,0),"") | J11: =IFERROR(VLOOKUP(J$3&$E11,Agendamentos!$J:$K,2,0),"") | K11: =IFERROR(VLOOKUP(K$3&$E11,Agendamentos!$J:$K,2,0),"") | L11: =IFERROR(VLOOKUP(L$3&$E11,Agendamentos!$J:$K,2,0),"") | M11: =IFERROR(VLOOKUP(M$3&$E11,Agendamentos!$J:$K,2,0),"") -> Realizado | ... AJ11: =IFERROR(VLOOKUP(AJ$3&$E11,Agendamentos!$J:$K,2,0),"")
E12: 11h | F12: =IFERROR(VLOOKUP(F$3&$E12,Agendamentos!$J:$K,2,0),"") | G12: =IFERROR(VLOOKUP(G$3&$E12,Agendamentos!$J:$K,2,0),"") | H12: =IFERROR(VLOOKUP(H$3&$E12,Agendamentos!$J:$K,2,0),"") | I12: =IFERROR(VLOOKUP(I$3&$E12,Agendamentos!$J:$K,2,0),"") | J12: =IFERROR(VLOOKUP(J$3&$E12,Agendamentos!$J:$K,2,0),"") | K12: =IFERROR(VLOOKUP(K$3&$E12,Agendamentos!$J:$K,2,0),"") | L12: =IFERROR(VLOOKUP(L$3&$E12,Agendamentos!$J:$K,2,0),"") | M12: =IFERROR(VLOOKUP(M$3&$E12,Agendamentos!$J:$K,2,0),"") | ... AJ12: =IFERROR(VLOOKUP(AJ$3&$E12,Agendamentos!$J:$K,2,0),"")
E13: 11h30m | F13: =IFERROR(VLOOKUP(F$3&$E13,Agendamentos!$J:$K,2,0),"") | G13: =IFERROR(VLOOKUP(G$3&$E13,Agendamentos!$J:$K,2,0),"") | H13: =IFERROR(VLOOKUP(H$3&$E13,Agendamentos!$J:$K,2,0),"") | I13: =IFERROR(VLOOKUP(I$3&$E13,Agendamentos!$J:$K,2,0),"") | J13: =IFERROR(VLOOKUP(J$3&$E13,Agendamentos!$J:$K,2,0),"") | K13: =IFERROR(VLOOKUP(K$3&$E13,Agendamentos!$J:$K,2,0),"") | L13: =IFERROR(VLOOKUP(L$3&$E13,Agendamentos!$J:$K,2,0),"") | M13: =IFERROR(VLOOKUP(M$3&$E13,Agendamentos!$J:$K,2,0),"") | ... AJ13: =IFERROR(VLOOKUP(AJ$3&$E13,Agendamentos!$J:$K,2,0),"")
E14: 12h | F14: =IFERROR(VLOOKUP(F$3&$E14,Agendamentos!$J:$K,2,0),"") | G14: =IFERROR(VLOOKUP(G$3&$E14,Agendamentos!$J:$K,2,0),"") | H14: =IFERROR(VLOOKUP(H$3&$E14,Agendamentos!$J:$K,2,0),"") | I14: =IFERROR(VLOOKUP(I$3&$E14,Agendamentos!$J:$K,2,0),"") | J14: =IFERROR(VLOOKUP(J$3&$E14,Agendamentos!$J:$K,2,0),"") | K14: =IFERROR(VLOOKUP(K$3&$E14,Agendamentos!$J:$K,2,0),"") | L14: =IFERROR(VLOOKUP(L$3&$E14,Agendamentos!$J:$K,2,0),"") | M14: =IFERROR(VLOOKUP(M$3&$E14,Agendamentos!$J:$K,2,0),"") | ... AJ14: =IFERROR(VLOOKUP(AJ$3&$E14,Agendamentos!$J:$K,2,0),"")
E15: 12h30m | F15: =IFERROR(VLOOKUP(F$3&$E15,Agendamentos!$J:$K,2,0),"") | G15: =IFERROR(VLOOKUP(G$3&$E15,Agendamentos!$J:$K,2,0),"") | H15: =IFERROR(VLOOKUP(H$3&$E15,Agendamentos!$J:$K,2,0),"") | I15: =IFERROR(VLOOKUP(I$3&$E15,Agendamentos!$J:$K,2,0),"") | J15: =IFERROR(VLOOKUP(J$3&$E15,Agendamentos!$J:$K,2,0),"") | K15: =IFERROR(VLOOKUP(K$3&$E15,Agendamentos!$J:$K,2,0),"") | L15: =IFERROR(VLOOKUP(L$3&$E15,Agendamentos!$J:$K,2,0),"") | M15: =IFERROR(VLOOKUP(M$3&$E15,Agendamentos!$J:$K,2,0),"") | ... AJ15: =IFERROR(VLOOKUP(AJ$3&$E15,Agendamentos!$J:$K,2,0),"")
... E30: 20h | F30: =IFERROR(VLOOKUP(F$3&$E30,Agendamentos!$J:$K,2,0),"") | G30: =IFERROR(VLOOKUP(G$3&$E30,Agendamentos!$J:$K,2,0),"") | H30: =IFERROR(VLOOKUP(H$3&$E30,Agendamentos!$J:$K,2,0),"") | I30: =IFERROR(VLOOKUP(I$3&$E30,Agendamentos!$J:$K,2,0),"") | J30: =IFERROR(VLOOKUP(J$3&$E30,Agendamentos!$J:$K,2,0),"") | K30: =IFERROR(VLOOKUP(K$3&$E30,Agendamentos!$J:$K,2,0),"") | L30: =IFERROR(VLOOKUP(L$3&$E30,Agendamentos!$J:$K,2,0),"") | M30: =IFERROR(VLOOKUP(M$3&$E30,Agendamentos!$J:$K,2,0),"") | ... AJ30: =IFERROR(VLOOKUP(AJ$3&$E30,Agendamentos!$J:$K,2,0),"")

Sheet Análises
A1: Etapa | B1: Venda Finalizada | D1: Etapa | E1: Venda Finalizada | M1: Etapa | N1: Venda Finalizada
A3: Rótulos de Linha | B3: Soma de Valor | D3: Rótulos de Linha | E3: Contagem de Valor | G3: Rótulos de Linha | H3: Contagem de Valor | J3: Rótulos de Linha | K3: Contagem de Valor | M3: Soma de Valor
A4: 19/jan | B4: 119189 | D4: Fabio | E4: 1 | G4: 1º Contato | H4: 1 | J4: Peugeot 2008 | K4: 2 | M4: 635987
A5: 11/mar | B5: 93829 | D5: Felipe | E5: 3 | G5: Aguardando Pagamento | H5: 2 | J5: Nissan Kicks | K5: 2
A6: 19/mar | B6: 119008 | D6: Natalia | E6: 2 | G6: Desistiu | H6: 2 | J6: Hyundai Creta | K6: 2
A7: 31/jul | B7: 105066 | D7: Total Geral | E7: 6 | G7: Elaboração de Proposta | H7: 4 | J7: Volkswagen T-Cross | K7: 2 | M7: Etapa | N7: Venda Finalizada
A8: 06/ago | B8: 105066 | G8: Negociação | H8: 1 | J8: Renault Captur | K8: 2
A9: 01/set | B9: 93829 | G9: Test Drive | H9: 2 | J9: Chevrolet Tracker | K9: 4 | M9: Contagem de Valor
A10: Total Geral | B10: 635987 | G10: Venda Finalizada | H10: 6 | J10: Volkswagen Nivus | K10: 6 | M10: 6
G11: Visita | H11: 2 | J11: Total Geral | K11: 20
G12: Total Geral | H12: 20
M13: Etapa | N13: Desistiu
M15: Contagem de Valor
M16: 2
