Workbook

Sheet Materiais
B2: Materiais
B4: Materiais | C4: Unidade | D4: QTD por Embalagem | E4: Total | F4: Unitario
B5: Açucar cristal | C5: g | D5: 1000 | E5: 3.58 | F5: 0.00358
B6: Amendoim moído | C6: g | D6: 1000 | E6: 1.94 | F6: 0.00194
B7: Amendoim picado | C7: g | D7: 211 | E7: 1.79 | F7: 0.0084834123
B8: Barra chocolate amargo SICAO | C8: g | D8: 1050 | E8: 24.7 | F8: 0.02352381
B9: Barra chocolate branco SICAO | C9: g | D9: 1050 | E9: 29.45 | F9: 0.028047619
B10: Cacau em pó | C10: g | D10: 500 | E10: 19.6 | F10: 0.0392
B11: Café soluvel | C11: g | D11: 1000 | E11: 12 | F11: 0.012
B12: Canela | C12: g | D12: 50 | E12: 3.9 | F12: 0.078
B13: Chocolate em pó | C13: g | D13: 300 | E13: 6.9 | F13: 0.023
B14: Côco ralado fino | C14: g | D14: 1000 | E14: 17.5 | F14: 0.0175
B15: Côco ralado grosso | C15: g | D15: 1000 | E15: 31.5 | F15: 0.0315
B16: Creme de leite | C16: g | D16: 200 | E16: 2.9 | F16: 0.0145
... B23: Nozes pedaço | C23: g | D23: 1000 | E23: 59.9 | F23: 0.0599

Sheet Produtos
B2: Produtos
B4: Produto | C4: Rendimento (g) | D4: Ingrediente_1 | E4: Quantidade_1 | F4: Quantidade_utilizada_1 | G4: Medida_1 | H4: Ingrediente_2 | I4: Quantidade_2 | J4: Quantidade_utilizada_2 | K4: Medida_2 | L4: Ingrediente_3 | M4: Quantidade_3 | N4: Quantidade_utilizada_3 | O4: Medida_3 | P4: Ingrediente_4 | Q4: Quantidade_4 | R4: Quantidade_utilizada_4 | S4: Medida_4 | T4: Ingrediente_5 | U4: Quantidade_5 | V4: Quantidade_utilizada_5 | W4: Medida_5 | X4: Ingrediente_6 | Y4: Quantidade_6 | Z4: Quantidade_utilizada_6 | AA4: Medida_6 | AB4: Ingrediente_7 | AC4: Quantidade_7 | AD4: Quantidade_utilizada_7 | AE4: Medida_7
B5: Brigadeiro Chocolate | C5: 600 | D5: Leite Condensado | E5: 395 | F5: =SUMIFS(Produção!AT:AT,Produção!B:B,Tabela5[[#This Row],[Produto]])*Tabela5[[#This Row],[Quantidade_1]]/Tabela5[[#This Row],[Rendimento (g)]] -> 1316.6667 | G5: =IFERROR(VLOOKUP(Tabela5[[#This Row],[Ingrediente_1]],Tabela2[[Materiais]:[Unidade]],2,0),"") -> g | H5: Manteiga sem sal | I5: 15 | J5: =SUMIFS(Produção!AT:AT,Produção!B:B,Tabela5[[#This Row],[Produto]])*Tabela5[[#This Row],[Quantidade_2]]/Tabela5[[#This Row],[Rendimento (g)]] -> 50 | K5: =IFERROR(VLOOKUP(Tabela5[[#This Row],[Ingrediente_2]],Tabela2[[Materiais]:[Unidade]],2,0),"") -> g | L5: Cacau em pó | M5: 6 | N5: =SUMIFS(Produção!AT:AT,Produção!B:B,Tabela5[[#This Row],[Produto]])*Tabela5[[#This Row],[Quantidade_3]]/Tabela5[[#This Row],[Rendimento (g)]] -> 20 | O5: =IFERROR(VLOOKUP(Tabela5[[#This Row],[Ingrediente_3]],Tabela2[[Materiais]:[Unidade]],2,0),"") -> g | P5: Creme de leite | Q5: 50 | R5: =SUMIFS(Produção!AT:AT,Produção!B:B,Tabela5[[#This Row],[Produto]])*Tabela5[[#This Row],[Quantidade_4]]/Tabela5[[#This Row],[Rendimento (g)]] -> 166.66667 | S5: =IFERROR(VLOOKUP(Tabela5[[#This Row],[Ingrediente_4]],Tabela2[[Materiais]:[Unidade]],2,0),"") -> g | T5: Farinha de trigo | U5: 9 | V5: =SUMIFS(Produção!AT:AT,Produção!B:B,Tabela5[[#This Row],[Produto]])*Tabela5[[#This Row],[Quantidade_5]]/Tabela5[[#This Row],[Rendimento (g)]] -> 30 | W5: =IFERROR(VLOOKUP(Tabela5[[#This Row],[Ingrediente_5]],Tabela2[[Materiais]:[Unidade]],2,0),"") -> g | X5: Barra chocolate amargo SICAO | Y5: 200 | Z5: =SUMIFS(Produção!AT:AT,Produção!B:B,Tabela5[[#This Row],[Produto]])*Tabela5[[#This Row],[Quantidade_6]]/Tabela5[[#This Row],[Rendimento (g)]] -> 666.66667 | AA5: =IFERROR(VLOOKUP(Tabela5[[#This Row],[Ingrediente_6]],Tabela2[[Materiais]:[Unidade]],2,0),"") -> g | AD5: =SUMIFS(Produção!AT:AT,Produção!B:B,Tabela5[[#This Row],[Produto]])*Tabela5[[#This Row],[Quantidade_7]]/Tabela5[[#This Row],[Rendimento (g)]] -> 0 | AE5: =IFERROR(VLOOKUP(Tabela5[[#This Row],[Ingrediente_7]],Tabela2[[Materiais]:[Unidade]],2,0),"")
B6: Brigadeiro Coco | C6: 550 | D6: Leite Condensado | E6: 395 | F6: =SUMIFS(Produção!AT:AT,Produção!B:B,Tabela5[[#This Row],[Produto]])*Tabela5[[#This Row],[Quantidade_1]]/Tabela5[[#This Row],[Rendimento (g)]] -> 718.18182 | G6: =IFERROR(VLOOKUP(Tabela5[[#This Row],[Ingrediente_1]],Tabela2[[Materiais]:[Unidade]],2,0),"") -> g | H6: Manteiga sem sal | I6: 15 | J6: =SUMIFS(Produção!AT:AT,Produção!B:B,Tabela5[[#This Row],[Produto]])*Tabela5[[#This Row],[Quantidade_2]]/Tabela5[[#This Row],[Rendimento (g)]] -> 27.272727 | K6: =IFERROR(VLOOKUP(Tabela5[[#This Row],[Ingrediente_2]],Tabela2[[Materiais]:[Unidade]],2,0),"") -> g | L6: Barra chocolate branco SICAO | M6: 40 | N6: =SUMIFS(Produção!AT:AT,Produção!B:B,Tabela5[[#This Row],[Produto]])*Tabela5[[#This Row],[Quantidade_3]]/Tabela5[[#This Row],[Rendimento (g)]] -> 72.727273 | O6: =IFERROR(VLOOKUP(Tabela5[[#This Row],[Ingrediente_3]],Tabela2[[Materiais]:[Unidade]],2,0),"") -> g | P6: Côco ralado fino | Q6: 50 | R6: =SUMIFS(Produção!AT:AT,Produção!B:B,Tabela5[[#This Row],[Produto]])*Tabela5[[#This Row],[Quantidade_4]]/Tabela5[[#This Row],[Rendimento (g)]] -> 90.909091 | S6: =IFERROR(VLOOKUP(Tabela5[[#This Row],[Ingrediente_4]],Tabela2[[Materiais]:[Unidade]],2,0),"") -> g | T6: Côco ralado grosso | U6: 60 | V6: =SUMIFS(Produção!AT:AT,Produção!B:B,Tabela5[[#This Row],[Produto]])*Tabela5[[#This Row],[Quantidade_5]]/Tabela5[[#This Row],[Rendimento (g)]] -> 109.09091 | W6: =IFERROR(VLOOKUP(Tabela5[[#This Row],[Ingrediente_5]],Tabela2[[Materiais]:[Unidade]],2,0),"") -> g | Z6: =SUMIFS(Produção!AT:AT,Produção!B:B,Tabela5[[#This Row],[Produto]])*Tabela5[[#This Row],[Quantidade_6]]/Tabela5[[#This Row],[Rendimento (g)]] -> 0 | AA6: =IFERROR(VLOOKUP(Tabela5[[#This Row],[Ingrediente_6]],Tabela2[[Materiais]:[Unidade]],2,0),"") | AD6: =SUMIFS(Produção!AT:AT,Produção!B:B,Tabela5[[#This Row],[Produto]])*Tabela5[[#This Row],[Quantidade_7]]/Tabela5[[#This Row],[Rendimento (g)]] -> 0 | AE6: =IFERROR(VLOOKUP(Tabela5[[#This Row],[Ingrediente_7]],Tabela2[[Materiais]:[Unidade]],2,0),"")
B7: Brigadeiro Café | C7: 500 | D7: Leite Condensado | E7: 395 | F7: =SUMIFS(Produção!AT:AT,Produção!B:B,Tabela5[[#This Row],[Produto]])*Tabela5[[#This Row],[Quantidade_1]]/Tabela5[[#This Row],[Rendimento (g)]] -> 790 | G7: =IFERROR(VLOOKUP(Tabela5[[#This Row],[Ingrediente_1]],Tabela2[[Materiais]:[Unidade]],2,0),"") -> g | H7: Manteiga sem sal | I7: 15 | J7: =SUMIFS(Produção!AT:AT,Produção!B:B,Tabela5[[#This Row],[Produto]])*Tabela5[[#This Row],[Quantidade_2]]/Tabela5[[#This Row],[Rendimento (g)]] -> 30 | K7: =IFERROR(VLOOKUP(Tabela5[[#This Row],[Ingrediente_2]],Tabela2[[Materiais]:[Unidade]],2,0),"") -> g | L7: Nozes pedaço | M7: 27 | N7: =SUMIFS(Produção!AT:AT,Produção!B:B,Tabela5[[#This Row],[Produto]])*Tabela5[[#This Row],[Quantidade_3]]/Tabela5[[#This Row],[Rendimento (g)]] -> 54 | O7: =IFERROR(VLOOKUP(Tabela5[[#This Row],[Ingrediente_3]],Tabela2[[Materiais]:[Unidade]],2,0),"") -> g | P7: Nozes moída | Q7: 50 | R7: =SUMIFS(Produção!AT:AT,Produção!B:B,Tabela5[[#This Row],[Produto]])*Tabela5[[#This Row],[Quantidade_4]]/Tabela5[[#This Row],[Rendimento (g)]] -> 100 | S7: =IFERROR(VLOOKUP(Tabela5[[#This Row],[Ingrediente_4]],Tabela2[[Materiais]:[Unidade]],2,0),"") -> g | T7: Açucar cristal | U7: 40 | V7: =SUMIFS(Produção!AT:AT,Produção!B:B,Tabela5[[#This Row],[Produto]])*Tabela5[[#This Row],[Quantidade_5]]/Tabela5[[#This Row],[Rendimento (g)]] -> 80 | W7: =IFERROR(VLOOKUP(Tabela5[[#This Row],[Ingrediente_5]],Tabela2[[Materiais]:[Unidade]],2,0),"") -> g | Z7: =SUMIFS(Produção!AT:AT,Produção!B:B,Tabela5[[#This Row],[Produto]])*Tabela5[[#This Row],[Quantidade_6]]/Tabela5[[#This Row],[Rendimento (g)]] -> 0 | AA7: =IFERROR(VLOOKUP(Tabela5[[#This Row],[Ingrediente_6]],Tabela2[[Materiais]:[Unidade]],2,0),"") | AD7: =SUMIFS(Produção!AT:AT,Produção!B:B,Tabela5[[#This Row],[Produto]])*Tabela5[[#This Row],[Quantidade_7]]/Tabela5[[#This Row],[Rendimento (g)]] -> 0 | AE7: =IFERROR(VLOOKUP(Tabela5[[#This Row],[Ingrediente_7]],Tabela2[[Materiais]:[Unidade]],2,0),"")
B8: Brigadeiro Nozes | C8: 500 | D8: Leite Condensado | E8: 395 | F8: =SUMIFS(Produção!AT:AT,Produção!B:B,Tabela5[[#This Row],[Produto]])*Tabela5[[#This Row],[Quantidade_1]]/Tabela5[[#This Row],[Rendimento (g)]] -> 790 | G8: =IFERROR(VLOOKUP(Tabela5[[#This Row],[Ingrediente_1]],Tabela2[[Materiais]:[Unidade]],2,0),"") -> g | H8: Manteiga sem sal | I8: 15 | J8: =SUMIFS(Produção!AT:AT,Produção!B:B,Tabela5[[#This Row],[Produto]])*Tabela5[[#This Row],[Quantidade_2]]/Tabela5[[#This Row],[Rendimento (g)]] -> 30 | K8: =IFERROR(VLOOKUP(Tabela5[[#This Row],[Ingrediente_2]],Tabela2[[Materiais]:[Unidade]],2,0),"") -> g | L8: Barra chocolate amargo SICAO | M8: 60 | N8: =SUMIFS(Produção!AT:AT,Produção!B:B,Tabela5[[#This Row],[Produto]])*Tabela5[[#This Row],[Quantidade_3]]/Tabela5[[#This Row],[Rendimento (g)]] -> 120 | O8: =IFERROR(VLOOKUP(Tabela5[[#This Row],[Ingrediente_3]],Tabela2[[Materiais]:[Unidade]],2,0),"") -> g | P8: Café soluvel | Q8: 5 | R8: =SUMIFS(Produção!AT:AT,Produção!B:B,Tabela5[[#This Row],[Produto]])*Tabela5[[#This Row],[Quantidade_4]]/Tabela5[[#This Row],[Rendimento (g)]] -> 10 | S8: =IFERROR(VLOOKUP(Tabela5[[#This Row],[Ingrediente_4]],Tabela2[[Materiais]:[Unidade]],2,0),"") -> g | T8: Chocolate em pó | U8: 15 | V8: =SUMIFS(Produção!AT:AT,Produção!B:B,Tabela5[[#This Row],[Produto]])*Tabela5[[#This Row],[Quantidade_5]]/Tabela5[[#This Row],[Rendimento (g)]] -> 30 | W8: =IFERROR(VLOOKUP(Tabela5[[#This Row],[Ingrediente_5]],Tabela2[[Materiais]:[Unidade]],2,0),"") -> g | X8: Açucar cristal | Y8: 50 | Z8: =SUMIFS(Produção!AT:AT,Produção!B:B,Tabela5[[#This Row],[Produto]])*Tabela5[[#This Row],[Quantidade_6]]/Tabela5[[#This Row],[Rendimento (g)]] -> 100 | AA8: =IFERROR(VLOOKUP(Tabela5[[#This Row],[Ingrediente_6]],Tabela2[[Materiais]:[Unidade]],2,0),"") -> g | AD8: =SUMIFS(Produção!AT:AT,Produção!B:B,Tabela5[[#This Row],[Produto]])*Tabela5[[#This Row],[Quantidade_7]]/Tabela5[[#This Row],[Rendimento (g)]] -> 0 | AE8: =IFERROR(VLOOKUP(Tabela5[[#This Row],[Ingrediente_7]],Tabela2[[Materiais]:[Unidade]],2,0),"")
B9: Brigadeiro Churros | C9: 500 | D9: Leite Condensado | E9: 395 | F9: =SUMIFS(Produção!AT:AT,Produção!B:B,Tabela5[[#This Row],[Produto]])*Tabela5[[#This Row],[Quantidade_1]]/Tabela5[[#This Row],[Rendimento (g)]] -> 790 | G9: =IFERROR(VLOOKUP(Tabela5[[#This Row],[Ingrediente_1]],Tabela2[[Materiais]:[Unidade]],2,0),"") -> g | H9: Manteiga sem sal | I9: 15 | J9: =SUMIFS(Produção!AT:AT,Produção!B:B,Tabela5[[#This Row],[Produto]])*Tabela5[[#This Row],[Quantidade_2]]/Tabela5[[#This Row],[Rendimento (g)]] -> 30 | K9: =IFERROR(VLOOKUP(Tabela5[[#This Row],[Ingrediente_2]],Tabela2[[Materiais]:[Unidade]],2,0),"") -> g | L9: Creme de leite | M9: 50 | N9: =SUMIFS(Produção!AT:AT,Produção!B:B,Tabela5[[#This Row],[Produto]])*Tabela5[[#This Row],[Quantidade_3]]/Tabela5[[#This Row],[Rendimento (g)]] -> 100 | O9: =IFERROR(VLOOKUP(Tabela5[[#This Row],[Ingrediente_3]],Tabela2[[Materiais]:[Unidade]],2,0),"") -> g | P9: Doce de leite cremoso | Q9: 30 | R9: =SUMIFS(Produção!AT:AT,Produção!B:B,Tabela5[[#This Row],[Produto]])*Tabela5[[#This Row],[Quantidade_4]]/Tabela5[[#This Row],[Rendimento (g)]] -> 60 | S9: =IFERROR(VLOOKUP(Tabela5[[#This Row],[Ingrediente_4]],Tabela2[[Materiais]:[Unidade]],2,0),"") -> g | T9: Canela | U9: 2 | V9: =SUMIFS(Produção!AT:AT,Produção!B:B,Tabela5[[#This Row],[Produto]])*Tabela5[[#This Row],[Quantidade_5]]/Tabela5[[#This Row],[Rendimento (g)]] -> 4 | W9: =IFERROR(VLOOKUP(Tabela5[[#This Row],[Ingrediente_5]],Tabela2[[Materiais]:[Unidade]],2,0),"") -> g | X9: Açucar cristal | Y9: 40 | Z9: =SUMIFS(Produção!AT:AT,Produção!B:B,Tabela5[[#This Row],[Produto]])*Tabela5[[#This Row],[Quantidade_6]]/Tabela5[[#This Row],[Rendimento (g)]] -> 80 | AA9: =IFERROR(VLOOKUP(Tabela5[[#This Row],[Ingrediente_6]],Tabela2[[Materiais]:[Unidade]],2,0),"") -> g | AD9: =SUMIFS(Produção!AT:AT,Produção!B:B,Tabela5[[#This Row],[Produto]])*Tabela5[[#This Row],[Quantidade_7]]/Tabela5[[#This Row],[Rendimento (g)]] -> 0 | AE9: =IFERROR(VLOOKUP(Tabela5[[#This Row],[Ingrediente_7]],Tabela2[[Materiais]:[Unidade]],2,0),"")
B10: Brigadeiro Paçoca | C10: 500 | D10: Leite Condensado | E10: 395 | F10: =SUMIFS(Produção!AT:AT,Produção!B:B,Tabela5[[#This Row],[Produto]])*Tabela5[[#This Row],[Quantidade_1]]/Tabela5[[#This Row],[Rendimento (g)]] -> 790 | G10: =IFERROR(VLOOKUP(Tabela5[[#This Row],[Ingrediente_1]],Tabela2[[Materiais]:[Unidade]],2,0),"") -> g | H10: Manteiga sem sal | I10: 15 | J10: =SUMIFS(Produção!AT:AT,Produção!B:B,Tabela5[[#This Row],[Produto]])*Tabela5[[#This Row],[Quantidade_2]]/Tabela5[[#This Row],[Rendimento (g)]] -> 30 | K10: =IFERROR(VLOOKUP(Tabela5[[#This Row],[Ingrediente_2]],Tabela2[[Materiais]:[Unidade]],2,0),"") -> g | L10: Amendoim moído | M10: 50 | N10: =SUMIFS(Produção!AT:AT,Produção!B:B,Tabela5[[#This Row],[Produto]])*Tabela5[[#This Row],[Quantidade_3]]/Tabela5[[#This Row],[Rendimento (g)]] -> 100 | O10: =IFERROR(VLOOKUP(Tabela5[[#This Row],[Ingrediente_3]],Tabela2[[Materiais]:[Unidade]],2,0),"") -> g | P10: Amendoim picado | Q10: 50 | R10: =SUMIFS(Produção!AT:AT,Produção!B:B,Tabela5[[#This Row],[Produto]])*Tabela5[[#This Row],[Quantidade_4]]/Tabela5[[#This Row],[Rendimento (g)]] -> 100 | S10: =IFERROR(VLOOKUP(Tabela5[[#This Row],[Ingrediente_4]],Tabela2[[Materiais]:[Unidade]],2,0),"") -> g | V10: =SUMIFS(Produção!AT:AT,Produção!B:B,Tabela5[[#This Row],[Produto]])*Tabela5[[#This Row],[Quantidade_5]]/Tabela5[[#This Row],[Rendimento (g)]] -> 0 | W10: =IFERROR(VLOOKUP(Tabela5[[#This Row],[Ingrediente_5]],Tabela2[[Materiais]:[Unidade]],2,0),"") | Z10: =SUMIFS(Produção!AT:AT,Produção!B:B,Tabela5[[#This Row],[Produto]])*Tabela5[[#This Row],[Quantidade_6]]/Tabela5[[#This Row],[Rendimento (g)]] -> 0 | AA10: =IFERROR(VLOOKUP(Tabela5[[#This Row],[Ingrediente_6]],Tabela2[[Materiais]:[Unidade]],2,0),"") | AD10: =SUMIFS(Produção!AT:AT,Produção!B:B,Tabela5[[#This Row],[Produto]])*Tabela5[[#This Row],[Quantidade_7]]/Tabela5[[#This Row],[Rendimento (g)]] -> 0 | AE10: =IFERROR(VLOOKUP(Tabela5[[#This Row],[Ingrediente_7]],Tabela2[[Materiais]:[Unidade]],2,0),"")
B11: Brigadeiro Limão | C11: 550 | D11: Leite Condensado | E11: 395 | F11: =SUMIFS(Produção!AT:AT,Produção!B:B,Tabela5[[#This Row],[Produto]])*Tabela5[[#This Row],[Quantidade_1]]/Tabela5[[#This Row],[Rendimento (g)]] -> 718.18182 | G11: =IFERROR(VLOOKUP(Tabela5[[#This Row],[Ingrediente_1]],Tabela2[[Materiais]:[Unidade]],2,0),"") -> g | H11: Manteiga sem sal | I11: 15 | J11: =SUMIFS(Produção!AT:AT,Produção!B:B,Tabela5[[#This Row],[Produto]])*Tabela5[[#This Row],[Quantidade_2]]/Tabela5[[#This Row],[Rendimento (g)]] -> 27.272727 | K11: =IFERROR(VLOOKUP(Tabela5[[#This Row],[Ingrediente_2]],Tabela2[[Materiais]:[Unidade]],2,0),"") -> g | L11: Barra chocolate branco SICAO | M11: 30 | N11: =SUMIFS(Produção!AT:AT,Produção!B:B,Tabela5[[#This Row],[Produto]])*Tabela5[[#This Row],[Quantidade_3]]/Tabela5[[#This Row],[Rendimento (g)]] -> 54.545455 | O11: =IFERROR(VLOOKUP(Tabela5[[#This Row],[Ingrediente_3]],Tabela2[[Materiais]:[Unidade]],2,0),"") -> g | P11: Creme de leite | Q11: 50 | R11: =SUMIFS(Produção!AT:AT,Produção!B:B,Tabela5[[#This Row],[Produto]])*Tabela5[[#This Row],[Quantidade_4]]/Tabela5[[#This Row],[Rendimento (g)]] -> 90.909091 | S11: =IFERROR(VLOOKUP(Tabela5[[#This Row],[Ingrediente_4]],Tabela2[[Materiais]:[Unidade]],2,0),"") -> g | T11: Limão | U11: 50 | V11: =SUMIFS(Produção!AT:AT,Produção!B:B,Tabela5[[#This Row],[Produto]])*Tabela5[[#This Row],[Quantidade_5]]/Tabela5[[#This Row],[Rendimento (g)]] -> 90.909091 | W11: =IFERROR(VLOOKUP(Tabela5[[#This Row],[Ingrediente_5]],Tabela2[[Materiais]:[Unidade]],2,0),"") -> g | X11: Açucar cristal | Y11: 50 | Z11: =SUMIFS(Produção!AT:AT,Produção!B:B,Tabela5[[#This Row],[Produto]])*Tabela5[[#This Row],[Quantidade_6]]/Tabela5[[#This Row],[Rendimento (g)]] -> 90.909091 | AA11: =IFERROR(VLOOKUP(Tabela5[[#This Row],[Ingrediente_6]],Tabela2[[Materiais]:[Unidade]],2,0),"") -> g | AD11: =SUMIFS(Produção!AT:AT,Produção!B:B,Tabela5[[#This Row],[Produto]])*Tabela5[[#This Row],[Quantidade_7]]/Tabela5[[#This Row],[Rendimento (g)]] -> 0 | AE11: =IFERROR(VLOOKUP(Tabela5[[#This Row],[Ingrediente_7]],Tabela2[[Materiais]:[Unidade]],2,0),"")

Sheet Entradas e Saídas
B2: Registro
B4: Data | C4: Mês | D4: Ano | E4: Departamento | F4: Descrição | G4: Valor | H4: Quantidade | I4: Unidade
B5: =42722+(365*4) -> 44182 | C5: =MONTH(Tabela6[[#This Row],[Data]]) -> 12 | D5: =YEAR(Tabela6[[#This Row],[Data]]) -> 2020 | E5: Ingredientes | F5: Oreo | G5: -1.49 | H5: 10 | I5: =IFERROR(VLOOKUP(Tabela6[[#This Row],[Descrição]],Materiais!B:C,2,0),"")
B6: =42724+(365*4) -> 44184 | C6: =MONTH(Tabela6[[#This Row],[Data]]) -> 12 | D6: =YEAR(Tabela6[[#This Row],[Data]]) -> 2020 | E6: Ingredientes | F6: Açucar cristal | G6: -3.58 | H6: 1000 | I6: =IFERROR(VLOOKUP(Tabela6[[#This Row],[Descrição]],Materiais!B:C,2,0),"") -> g
B7: =42724+(365*4) -> 44184 | C7: =MONTH(Tabela6[[#This Row],[Data]]) -> 12 | D7: =YEAR(Tabela6[[#This Row],[Data]]) -> 2020 | E7: Ingredientes | F7: Canela | G7: -3.79 | H7: 35 | I7: =IFERROR(VLOOKUP(Tabela6[[#This Row],[Descrição]],Materiais!B:C,2,0),"") -> g
B8: =42724+(365*4) -> 44184 | C8: =MONTH(Tabela6[[#This Row],[Data]]) -> 12 | D8: =YEAR(Tabela6[[#This Row],[Data]]) -> 2020 | E8: Ingredientes | F8: Creme de leite | G8: -19.35 | H8: 1000 | I8: =IFERROR(VLOOKUP(Tabela6[[#This Row],[Descrição]],Materiais!B:C,2,0),"") -> g
B9: =42724+(365*4) -> 44184 | C9: =MONTH(Tabela6[[#This Row],[Data]]) -> 12 | D9: =YEAR(Tabela6[[#This Row],[Data]]) -> 2020 | E9: Ingredientes | F9: Farinha de trigo | G9: -2.59 | H9: 1000 | I9: =IFERROR(VLOOKUP(Tabela6[[#This Row],[Descrição]],Materiais!B:C,2,0),"") -> g
B10: =42724+(365*4) -> 44184 | C10: =MONTH(Tabela6[[#This Row],[Data]]) -> 12 | D10: =YEAR(Tabela6[[#This Row],[Data]]) -> 2020 | E10: Ingredientes | F10: Leite condensado | G10: -67.05 | H10: 5925 | I10: =IFERROR(VLOOKUP(Tabela6[[#This Row],[Descrição]],Materiais!B:C,2,0),"") -> g
B11: =42724+(365*4) -> 44184 | C11: =MONTH(Tabela6[[#This Row],[Data]]) -> 12 | D11: =YEAR(Tabela6[[#This Row],[Data]]) -> 2020 | E11: Ingredientes | F11: Manteiga sem sal | G11: -7.85 | H11: 200 | I11: =IFERROR(VLOOKUP(Tabela6[[#This Row],[Descrição]],Materiais!B:C,2,0),"") -> g
B12: =42734+(365*4) -> 44194 | C12: =MONTH(Tabela6[[#This Row],[Data]]) -> 12 | D12: =YEAR(Tabela6[[#This Row],[Data]]) -> 2020 | E12: Ingredientes | F12: Barra chocolate amargo SICAO | G12: -25.2 | H12: 1050 | I12: =IFERROR(VLOOKUP(Tabela6[[#This Row],[Descrição]],Materiais!B:C,2,0),"") -> g
B13: =42734+(365*4) -> 44194 | C13: =MONTH(Tabela6[[#This Row],[Data]]) -> 12 | D13: =YEAR(Tabela6[[#This Row],[Data]]) -> 2020 | E13: Ingredientes | F13: Barra chocolate ao leite SICAO | G13: -25.4 | H13: 1050 | I13: =IFERROR(VLOOKUP(Tabela6[[#This Row],[Descrição]],Materiais!B:C,2,0),"")
B14: =42734+(365*4) -> 44194 | C14: =MONTH(Tabela6[[#This Row],[Data]]) -> 12 | D14: =YEAR(Tabela6[[#This Row],[Data]]) -> 2020 | E14: Ingredientes | F14: Cacau em pó | G14: -19.6 | H14: 500 | I14: =IFERROR(VLOOKUP(Tabela6[[#This Row],[Descrição]],Materiais!B:C,2,0),"") -> g
B15: =42734+(365*4) -> 44194 | C15: =MONTH(Tabela6[[#This Row],[Data]]) -> 12 | D15: =YEAR(Tabela6[[#This Row],[Data]]) -> 2020 | E15: Ingredientes | F15: Chocolate em pó | G15: -6.9 | H15: 300 | I15: =IFERROR(VLOOKUP(Tabela6[[#This Row],[Descrição]],Materiais!B:C,2,0),"") -> g
B16: =42734+(365*4) -> 44194 | C16: =MONTH(Tabela6[[#This Row],[Data]]) -> 12 | D16: =YEAR(Tabela6[[#This Row],[Data]]) -> 2020 | E16: Ingredientes | F16: Doce de leite cremoso | G16: -11.8 | H16: 800 | I16: =IFERROR(VLOOKUP(Tabela6[[#This Row],[Descrição]],Materiais!B:C,2,0),"") -> g
B17: =42734+(365*4) -> 44194 | C17: =MONTH(Tabela6[[#This Row],[Data]]) -> 12 | D17: =YEAR(Tabela6[[#This Row],[Data]]) -> 2020 | E17: Embalagens | F17: Forminha | G17: -4 | H17: 400 | I17: =IFERROR(VLOOKUP(Tabela6[[#This Row],[Descrição]],Materiais!B:C,2,0),"")
B18: =42734+(365*4) -> 44194 | C18: =MONTH(Tabela6[[#This Row],[Data]]) -> 12 | D18: =YEAR(Tabela6[[#This Row],[Data]]) -> 2020 | E18: Ingredientes | F18: Granulado redondo pequeno | G18: -8.6 | H18: 500 | I18: =IFERROR(VLOOKUP(Tabela6[[#This Row],[Descrição]],Materiais!B:C,2,0),"")
B19: =42751+(365*4) -> 44211 | C19: =MONTH(Tabela6[[#This Row],[Data]]) -> 1 | D19: =YEAR(Tabela6[[#This Row],[Data]]) -> 2021 | E19: Vendas | F19: Brigadeiro Chocolate | G19: 10 | H19: 5 | I19: =IFERROR(VLOOKUP(Tabela6[[#This Row],[Descrição]],Materiais!B:C,2,0),"")
B20: =42751+(365*4) -> 44211 | C20: =MONTH(Tabela6[[#This Row],[Data]]) -> 1 | D20: =YEAR(Tabela6[[#This Row],[Data]]) -> 2021 | E20: Vendas | F20: Brigadeiro Churros | G20: 8 | H20: 4 | I20: =IFERROR(VLOOKUP(Tabela6[[#This Row],[Descrição]],Materiais!B:C,2,0),"")
B21: =42752+(365*4) -> 44212 | C21: =MONTH(Tabela6[[#This Row],[Data]]) -> 1 | D21: =YEAR(Tabela6[[#This Row],[Data]]) -> 2021 | E21: Vendas | F21: Brigadeiro Chocolate | G21: 36 | H21: 18 | I21: =IFERROR(VLOOKUP(Tabela6[[#This Row],[Descrição]],Materiais!B:C,2,0),"")
B22: =42752+(365*4) -> 44212 | C22: =MONTH(Tabela6[[#This Row],[Data]]) -> 1 | D22: =YEAR(Tabela6[[#This Row],[Data]]) -> 2021 | E22: Vendas | F22: Brigadeiro Churros | G22: 30 | H22: 15 | I22: =IFERROR(VLOOKUP(Tabela6[[#This Row],[Descrição]],Materiais!B:C,2,0),"")
B23: =42753+(365*4) -> 44213 | C23: =MONTH(Tabela6[[#This Row],[Data]]) -> 1 | D23: =YEAR(Tabela6[[#This Row],[Data]]) -> 2021 | E23: Vendas | F23: Brigadeiro Chocolate | G23: 10 | H23: 5 | I23: =IFERROR(VLOOKUP(Tabela6[[#This Row],[Descrição]],Materiais!B:C,2,0),"")
B24: =42753+(365*4) -> 44213 | C24: =MONTH(Tabela6[[#This Row],[Data]]) -> 1 | D24: =YEAR(Tabela6[[#This Row],[Data]]) -> 2021 | E24: Vendas | F24: Brigadeiro Churros | G24: 8 | H24: 4 | I24: =IFERROR(VLOOKUP(Tabela6[[#This Row],[Descrição]],Materiais!B:C,2,0),"")
B25: =42753+(365*4) -> 44213 | C25: =MONTH(Tabela6[[#This Row],[Data]]) -> 1 | D25: =YEAR(Tabela6[[#This Row],[Data]]) -> 2021 | E25: Vendas | F25: Croc-croc (Oreo) | G25: 6 | H25: 3 | I25: =IFERROR(VLOOKUP(Tabela6[[#This Row],[Descrição]],Materiais!B:C,2,0),"")
B26: =42754+(365*4) -> 44214 | C26: =MONTH(Tabela6[[#This Row],[Data]]) -> 1 | D26: =YEAR(Tabela6[[#This Row],[Data]]) -> 2021 | E26: Vendas | F26: Brigadeiro Chocolate | G26: 26 | H26: 13 | I26: =IFERROR(VLOOKUP(Tabela6[[#This Row],[Descrição]],Materiais!B:C,2,0),"")
B27: =42754+(365*4) -> 44214 | C27: =MONTH(Tabela6[[#This Row],[Data]]) -> 1 | D27: =YEAR(Tabela6[[#This Row],[Data]]) -> 2021 | E27: Vendas | F27: Brigadeiro Churros | G27: 12 | H27: 6 | I27: =IFERROR(VLOOKUP(Tabela6[[#This Row],[Descrição]],Materiais!B:C,2,0),"")
B28: =42754+(365*4) -> 44214 | C28: =MONTH(Tabela6[[#This Row],[Data]]) -> 1 | D28: =YEAR(Tabela6[[#This Row],[Data]]) -> 2021 | E28: Vendas | F28: Croc-croc (Oreo) | G28: 12 | H28: 6 | I28: =IFERROR(VLOOKUP(Tabela6[[#This Row],[Descrição]],Materiais!B:C,2,0),"")
B29: =42755+(365*4) -> 44215 | C29: =MONTH(Tabela6[[#This Row],[Data]]) -> 1 | D29: =YEAR(Tabela6[[#This Row],[Data]]) -> 2021 | E29: Embalagens | F29: Bandeja isopor | G29: -1.7 | H29: 10 | I29: =IFERROR(VLOOKUP(Tabela6[[#This Row],[Descrição]],Materiais!B:C,2,0),"")
B30: =42755+(365*4) -> 44215 | C30: =MONTH(Tabela6[[#This Row],[Data]]) -> 1 | D30: =YEAR(Tabela6[[#This Row],[Data]]) -> 2021 | E30: Vendas | F30: Brigadeiro Chocolate | G30: 6 | H30: 3 | I30: =IFERROR(VLOOKUP(Tabela6[[#This Row],[Descrição]],Materiais!B:C,2,0),"")
B31: =42755+(365*4) -> 44215 | C31: =MONTH(Tabela6[[#This Row],[Data]]) -> 1 | D31: =YEAR(Tabela6[[#This Row],[Data]]) -> 2021 | E31: Ingredientes | F31: Côco ralado fino | G31: -4.3 | H31: 246 | I31: =IFERROR(VLOOKUP(Tabela6[[#This Row],[Descrição]],Materiais!B:C,2,0),"") -> g
B32: =42755+(365*4) -> 44215 | C32: =MONTH(Tabela6[[#This Row],[Data]]) -> 1 | D32: =YEAR(Tabela6[[#This Row],[Data]]) -> 2021 | E32: Ingredientes | F32: Côco ralado grosso | G32: -6.45 | H32: 205 | I32: =IFERROR(VLOOKUP(Tabela6[[#This Row],[Descrição]],Materiais!B:C,2,0),"") -> g
B33: =42755+(365*4) -> 44215 | C33: =MONTH(Tabela6[[#This Row],[Data]]) -> 1 | D33: =YEAR(Tabela6[[#This Row],[Data]]) -> 2021 | E33: Vendas | F33: Croc-croc (Oreo) | G33: 26 | H33: 13 | I33: =IFERROR(VLOOKUP(Tabela6[[#This Row],[Descrição]],Materiais!B:C,2,0),"")
B34: =42755+(365*4) -> 44215 | C34: =MONTH(Tabela6[[#This Row],[Data]]) -> 1 | D34: =YEAR(Tabela6[[#This Row],[Data]]) -> 2021 | E34: Embalagens | F34: Forma quadrada exibição | G34: -2.5 | H34: 2 | I34: =IFERROR(VLOOKUP(Tabela6[[#This Row],[Descrição]],Materiais!B:C,2,0),"")
B35: =42755+(365*4) -> 44215 | C35: =MONTH(Tabela6[[#This Row],[Data]]) -> 1 | D35: =YEAR(Tabela6[[#This Row],[Data]]) -> 2021 | E35: Embalagens | F35: Forminha | G35: -5 | H35: 300 | I35: =IFERROR(VLOOKUP(Tabela6[[#This Row],[Descrição]],Materiais!B:C,2,0),"")
B36: =42755+(365*4) -> 44215 | C36: =MONTH(Tabela6[[#This Row],[Data]]) -> 1 | D36: =YEAR(Tabela6[[#This Row],[Data]]) -> 2021 | E36: Ingredientes | F36: Granulado redondo pequeno | G36: -8.6 | H36: 500 | I36: =IFERROR(VLOOKUP(Tabela6[[#This Row],[Descrição]],Materiais!B:C,2,0),"")
B37: =42755+(365*4) -> 44215 | C37: =MONTH(Tabela6[[#This Row],[Data]]) -> 1 | D37: =YEAR(Tabela6[[#This Row],[Data]]) -> 2021 | E37: Ingredientes | F37: Leite condensado | G37: -85.35 | H37: 5925 | I37: =IFERROR(VLOOKUP(Tabela6[[#This Row],[Descrição]],Materiais!B:C,2,0),"") -> g
B38: =42755+(365*4) -> 44215 | C38: =MONTH(Tabela6[[#This Row],[Data]]) -> 1 | D38: =YEAR(Tabela6[[#This Row],[Data]]) -> 2021 | E38: Ingredientes | F38: Ovomaltine | G38: -7.09 | H38: 300 | I38: =IFERROR(VLOOKUP(Tabela6[[#This Row],[Descrição]],Materiais!B:C,2,0),"")
B39: =42755+(365*4) -> 44215 | C39: =MONTH(Tabela6[[#This Row],[Data]]) -> 1 | D39: =YEAR(Tabela6[[#This Row],[Data]]) -> 2021 | E39: Embalagens | F39: saco plástico 30x45 | G39: -2.3 | H39: 100 | I39: =IFERROR(VLOOKUP(Tabela6[[#This Row],[Descrição]],Materiais!B:C,2,0),"")
B40: =42758+(365*4) -> 44218 | C40: =MONTH(Tabela6[[#This Row],[Data]]) -> 1 | D40: =YEAR(Tabela6[[#This Row],[Data]]) -> 2021 | E40: Vendas | F40: Brigadeiro Chocolate | G40: 16 | H40: 8 | I40: =IFERROR(VLOOKUP(Tabela6[[#This Row],[Descrição]],Materiais!B:C,2,0),"")
B41: =42758+(365*4) -> 44218 | C41: =MONTH(Tabela6[[#This Row],[Data]]) -> 1 | D41: =YEAR(Tabela6[[#This Row],[Data]]) -> 2021 | E41: Vendas | F41: Brigadeiro Churros | G41: 4 | H41: 2 | I41: =IFERROR(VLOOKUP(Tabela6[[#This Row],[Descrição]],Materiais!B:C,2,0),"")
B42: =42759+(365*4) -> 44219 | C42: =MONTH(Tabela6[[#This Row],[Data]]) -> 1 | D42: =YEAR(Tabela6[[#This Row],[Data]]) -> 2021 | E42: Vendas | F42: Brigadeiro Chocolate | G42: 14 | H42: 7 | I42: =IFERROR(VLOOKUP(Tabela6[[#This Row],[Descrição]],Materiais!B:C,2,0),"")
B43: =42759+(365*4) -> 44219 | C43: =MONTH(Tabela6[[#This Row],[Data]]) -> 1 | D43: =YEAR(Tabela6[[#This Row],[Data]]) -> 2021 | E43: Vendas | F43: Brigadeiro Churros | G43: 12 | H43: 6 | I43: =IFERROR(VLOOKUP(Tabela6[[#This Row],[Descrição]],Materiais!B:C,2,0),"")
B44: =42759+(365*4) -> 44219 | C44: =MONTH(Tabela6[[#This Row],[Data]]) -> 1 | D44: =YEAR(Tabela6[[#This Row],[Data]]) -> 2021 | E44: Vendas | F44: Viracasaca (ovomaltine) | G44: 18 | H44: 9 | I44: =IFERROR(VLOOKUP(Tabela6[[#This Row],[Descrição]],Materiais!B:C,2,0),"")
B45: =42760+(365*4) -> 44220 | C45: =MONTH(Tabela6[[#This Row],[Data]]) -> 1 | D45: =YEAR(Tabela6[[#This Row],[Data]]) -> 2021 | E45: Vendas | F45: Brigadeiro Chocolate | G45: 6 | H45: 3 | I45: =IFERROR(VLOOKUP(Tabela6[[#This Row],[Descrição]],Materiais!B:C,2,0),"")
B46: =42760+(365*4) -> 44220 | C46: =MONTH(Tabela6[[#This Row],[Data]]) -> 1 | D46: =YEAR(Tabela6[[#This Row],[Data]]) -> 2021 | E46: Vendas | F46: Brigadeiro Churros | G46: 6 | H46: 3 | I46: =IFERROR(VLOOKUP(Tabela6[[#This Row],[Descrição]],Materiais!B:C,2,0),"")
B47: =42760+(365*4) -> 44220 | C47: =MONTH(Tabela6[[#This Row],[Data]]) -> 1 | D47: =YEAR(Tabela6[[#This Row],[Data]]) -> 2021 | E47: Vendas | F47: Viracasaca (ovomaltine) | G47: 14 | H47: 7 | I47: =IFERROR(VLOOKUP(Tabela6[[#This Row],[Descrição]],Materiais!B:C,2,0),"")
B48: =42761+(365*4) -> 44221 | C48: =MONTH(Tabela6[[#This Row],[Data]]) -> 1 | D48: =YEAR(Tabela6[[#This Row],[Data]]) -> 2021 | E48: Vendas | F48: Brigadeiro Chocolate | G48: 26 | H48: 13 | I48: =IFERROR(VLOOKUP(Tabela6[[#This Row],[Descrição]],Materiais!B:C,2,0),"")
B49: =42761+(365*4) -> 44221 | C49: =MONTH(Tabela6[[#This Row],[Data]]) -> 1 | D49: =YEAR(Tabela6[[#This Row],[Data]]) -> 2021 | E49: Vendas | F49: Brigadeiro Churros | G49: 12 | H49: 6 | I49: =IFERROR(VLOOKUP(Tabela6[[#This Row],[Descrição]],Materiais!B:C,2,0),"")
B50: =42762+(365*4) -> 44222 | C50: =MONTH(Tabela6[[#This Row],[Data]]) -> 1 | D50: =YEAR(Tabela6[[#This Row],[Data]]) -> 2021 | E50: Vendas | F50: Brigadeiro Chocolate | G50: 6 | H50: 3 | I50: =IFERROR(VLOOKUP(Tabela6[[#This Row],[Descrição]],Materiais!B:C,2,0),"")
B51: =42762+(365*4) -> 44222 | C51: =MONTH(Tabela6[[#This Row],[Data]]) -> 1 | D51: =YEAR(Tabela6[[#This Row],[Data]]) -> 2021 | E51: Vendas | F51: Croc-croc (Oreo) | G51: 20 | H51: 10 | I51: =IFERROR(VLOOKUP(Tabela6[[#This Row],[Descrição]],Materiais!B:C,2,0),"")
B52: =42765+(365*4) -> 44225 | C52: =MONTH(Tabela6[[#This Row],[Data]]) -> 1 | D52: =YEAR(Tabela6[[#This Row],[Data]]) -> 2021 | E52: Vendas | F52: Brigadeiro Chocolate | G52: 18 | H52: 9 | I52: =IFERROR(VLOOKUP(Tabela6[[#This Row],[Descrição]],Materiais!B:C,2,0),"")
B53: =42765+(365*4) -> 44225 | C53: =MONTH(Tabela6[[#This Row],[Data]]) -> 1 | D53: =YEAR(Tabela6[[#This Row],[Data]]) -> 2021 | E53: Vendas | F53: Brigadeiro Churros | G53: 14 | H53: 7 | I53: =IFERROR(VLOOKUP(Tabela6[[#This Row],[Descrição]],Materiais!B:C,2,0),"")
B54: =42766+(365*4) -> 44226 | C54: =MONTH(Tabela6[[#This Row],[Data]]) -> 1 | D54: =YEAR(Tabela6[[#This Row],[Data]]) -> 2021 | E54: Vendas | F54: Brigadeiro Chocolate | G54: 12 | H54: 6 | I54: =IFERROR(VLOOKUP(Tabela6[[#This Row],[Descrição]],Materiais!B:C,2,0),"")
B55: =42766+(365*4) -> 44226 | C55: =MONTH(Tabela6[[#This Row],[Data]]) -> 1 | D55: =YEAR(Tabela6[[#This Row],[Data]]) -> 2021 | E55: Vendas | F55: Brigadeiro Churros | G55: 12 | H55: 6 | I55: =IFERROR(VLOOKUP(Tabela6[[#This Row],[Descrição]],Materiais!B:C,2,0),"")
B56: =42766+(365*4) -> 44226 | C56: =MONTH(Tabela6[[#This Row],[Data]]) -> 1 | D56: =YEAR(Tabela6[[#This Row],[Data]]) -> 2021 | E56: Vendas | F56: Duas caras (branco/preto) | G56: 18 | H56: 9 | I56: =IFERROR(VLOOKUP(Tabela6[[#This Row],[Descrição]],Materiais!B:C,2,0),"")
B57: =42774+(365*4) -> 44234 | C57: =MONTH(Tabela6[[#This Row],[Data]]) -> 2 | D57: =YEAR(Tabela6[[#This Row],[Data]]) -> 2021 | E57: Ingredientes | F57: Barra chocolate branco Melken | G57: -24.5 | H57: 1050 | I57: =IFERROR(VLOOKUP(Tabela6[[#This Row],[Descrição]],Materiais!B:C,2,0),"")
B58: =42781+(365*4) -> 44241 | C58: =MONTH(Tabela6[[#This Row],[Data]]) -> 2 | D58: =YEAR(Tabela6[[#This Row],[Data]]) -> 2021 | E58: Ingredientes | F58: Barra chocolate ao leite SICAO | G58: -9.8 | H58: -400 | I58: =IFERROR(VLOOKUP(Tabela6[[#This Row],[Descrição]],Materiais!B:C,2,0),"")
B59: =42781+(365*4) -> 44241 | C59: =MONTH(Tabela6[[#This Row],[Data]]) -> 2 | D59: =YEAR(Tabela6[[#This Row],[Data]]) -> 2021 | E59: Ingredientes | F59: Côco ralado fino | G59: -1.764 | H59: 100 | I59: =IFERROR(VLOOKUP(Tabela6[[#This Row],[Descrição]],Materiais!B:C,2,0),"") -> g
B60: =42781+(365*4) -> 44241 | C60: =MONTH(Tabela6[[#This Row],[Data]]) -> 2 | D60: =YEAR(Tabela6[[#This Row],[Data]]) -> 2021 | E60: Ingredientes | F60: Côco ralado grosso | G60: -2.85 | H60: 90.5 | I60: =IFERROR(VLOOKUP(Tabela6[[#This Row],[Descrição]],Materiais!B:C,2,0),"") -> g
B61: =42781+(365*4) -> 44241 | C61: =MONTH(Tabela6[[#This Row],[Data]]) -> 2 | D61: =YEAR(Tabela6[[#This Row],[Data]]) -> 2021 | E61: Embalagens | F61: Copinho | G61: -3 | H61: 70 | I61: =IFERROR(VLOOKUP(Tabela6[[#This Row],[Descrição]],Materiais!B:C,2,0),"")
B62: =42781+(365*4) -> 44241 | C62: =MONTH(Tabela6[[#This Row],[Data]]) -> 2 | D62: =YEAR(Tabela6[[#This Row],[Data]]) -> 2021 | E62: Ingredientes | F62: Doce de leite cremoso | G62: -8.26 | H62: -560 | I62: =IFERROR(VLOOKUP(Tabela6[[#This Row],[Descrição]],Materiais!B:C,2,0),"") -> g
B63: =42781+(365*4) -> 44241 | C63: =MONTH(Tabela6[[#This Row],[Data]]) -> 2 | D63: =YEAR(Tabela6[[#This Row],[Data]]) -> 2021 | E63: Ingredientes | F63: Granulado redondo pequeno | G63: -3.44 | H63: 386 | I63: =IFERROR(VLOOKUP(Tabela6[[#This Row],[Descrição]],Materiais!B:C,2,0),"")
B64: =42782+(365*4) -> 44242 | C64: =MONTH(Tabela6[[#This Row],[Data]]) -> 2 | D64: =YEAR(Tabela6[[#This Row],[Data]]) -> 2021 | E64: Ingredientes | F64: Doce de leite cremoso | G64: -5.99 | H64: 395 | I64: =IFERROR(VLOOKUP(Tabela6[[#This Row],[Descrição]],Materiais!B:C,2,0),"") -> g
B65: =42782+(365*4) -> 44242 | C65: =MONTH(Tabela6[[#This Row],[Data]]) -> 2 | D65: =YEAR(Tabela6[[#This Row],[Data]]) -> 2021 | E65: Vendas | F65: Brigadeiro Coco | G65: 22 | H65: 11 | I65: =IFERROR(VLOOKUP(Tabela6[[#This Row],[Descrição]],Materiais!B:C,2,0),"")
B66: =42783+(365*4) -> 44243 | C66: =MONTH(Tabela6[[#This Row],[Data]]) -> 2 | D66: =YEAR(Tabela6[[#This Row],[Data]]) -> 2021 | E66: Vendas | F66: Brigadeiro Chocolate | G66: 26 | H66: 13 | I66: =IFERROR(VLOOKUP(Tabela6[[#This Row],[Descrição]],Materiais!B:C,2,0),"")
B67: =42786+(365*4) -> 44246 | C67: =MONTH(Tabela6[[#This Row],[Data]]) -> 2 | D67: =YEAR(Tabela6[[#This Row],[Data]]) -> 2021 | E67: Vendas | F67: Brigadeiro Chocolate | G67: 14 | H67: 7 | I67: =IFERROR(VLOOKUP(Tabela6[[#This Row],[Descrição]],Materiais!B:C,2,0),"")
B68: =42786+(365*4) -> 44246 | C68: =MONTH(Tabela6[[#This Row],[Data]]) -> 2 | D68: =YEAR(Tabela6[[#This Row],[Data]]) -> 2021 | E68: Vendas | F68: Brigadeiro Coco | G68: 8 | H68: 4 | I68: =IFERROR(VLOOKUP(Tabela6[[#This Row],[Descrição]],Materiais!B:C,2,0),"")
B69: =42787+(365*4) -> 44247 | C69: =MONTH(Tabela6[[#This Row],[Data]]) -> 2 | D69: =YEAR(Tabela6[[#This Row],[Data]]) -> 2021 | E69: Vendas | F69: Brigadeiro Chocolate | G69: 8 | H69: 4 | I69: =IFERROR(VLOOKUP(Tabela6[[#This Row],[Descrição]],Materiais!B:C,2,0),"")
B70: =42787+(365*4) -> 44247 | C70: =MONTH(Tabela6[[#This Row],[Data]]) -> 2 | D70: =YEAR(Tabela6[[#This Row],[Data]]) -> 2021 | E70: Vendas | F70: Brigadeiro Coco | G70: 8 | H70: 4 | I70: =IFERROR(VLOOKUP(Tabela6[[#This Row],[Descrição]],Materiais!B:C,2,0),"")
B71: =42788+(365*4) -> 44248 | C71: =MONTH(Tabela6[[#This Row],[Data]]) -> 2 | D71: =YEAR(Tabela6[[#This Row],[Data]]) -> 2021 | E71: Vendas | F71: Brigadeiro Churros | G71: 22 | H71: 11 | I71: =IFERROR(VLOOKUP(Tabela6[[#This Row],[Descrição]],Materiais!B:C,2,0),"")
B72: =42789+(365*4) -> 44249 | C72: =MONTH(Tabela6[[#This Row],[Data]]) -> 2 | D72: =YEAR(Tabela6[[#This Row],[Data]]) -> 2021 | E72: Vendas | F72: Brigadeiro Chocolate | G72: 16 | H72: 8 | I72: =IFERROR(VLOOKUP(Tabela6[[#This Row],[Descrição]],Materiais!B:C,2,0),"")
B73: =42789+(365*4) -> 44249 | C73: =MONTH(Tabela6[[#This Row],[Data]]) -> 2 | D73: =YEAR(Tabela6[[#This Row],[Data]]) -> 2021 | E73: Vendas | F73: Brigadeiro Coco | G73: 10 | H73: 5 | I73: =IFERROR(VLOOKUP(Tabela6[[#This Row],[Descrição]],Materiais!B:C,2,0),"")
B74: =42796+(365*4) -> 44256 | C74: =MONTH(Tabela6[[#This Row],[Data]]) -> 3 | D74: =YEAR(Tabela6[[#This Row],[Data]]) -> 2021 | E74: Vendas | F74: Brigadeiro Chocolate | G74: 6 | H74: 3 | I74: =IFERROR(VLOOKUP(Tabela6[[#This Row],[Descrição]],Materiais!B:C,2,0),"")
B75: =42797+(365*4) -> 44257 | C75: =MONTH(Tabela6[[#This Row],[Data]]) -> 3 | D75: =YEAR(Tabela6[[#This Row],[Data]]) -> 2021 | E75: Vendas | F75: Brigadeiro Churros | G75: 2 | H75: 1 | I75: =IFERROR(VLOOKUP(Tabela6[[#This Row],[Descrição]],Materiais!B:C,2,0),"")
B76: =42800+(365*4) -> 44260 | C76: =MONTH(Tabela6[[#This Row],[Data]]) -> 3 | D76: =YEAR(Tabela6[[#This Row],[Data]]) -> 2021 | E76: Vendas | F76: Brigadeiro Chocolate | G76: 4 | H76: 2 | I76: =IFERROR(VLOOKUP(Tabela6[[#This Row],[Descrição]],Materiais!B:C,2,0),"")
B77: =42800+(365*4) -> 44260 | C77: =MONTH(Tabela6[[#This Row],[Data]]) -> 3 | D77: =YEAR(Tabela6[[#This Row],[Data]]) -> 2021 | E77: Vendas | F77: Brigadeiro Churros | G77: 8 | H77: 4 | I77: =IFERROR(VLOOKUP(Tabela6[[#This Row],[Descrição]],Materiais!B:C,2,0),"")
B78: =42801+(365*4) -> 44261 | C78: =MONTH(Tabela6[[#This Row],[Data]]) -> 3 | D78: =YEAR(Tabela6[[#This Row],[Data]]) -> 2021 | E78: Vendas | F78: Brigadeiro Churros | G78: 14 | H78: 7 | I78: =IFERROR(VLOOKUP(Tabela6[[#This Row],[Descrição]],Materiais!B:C,2,0),"")
B79: =42801+(365*4) -> 44261 | C79: =MONTH(Tabela6[[#This Row],[Data]]) -> 3 | D79: =YEAR(Tabela6[[#This Row],[Data]]) -> 2021 | E79: Vendas | F79: Viracasaca (ovomaltine) | G79: 4 | H79: 2 | I79: =IFERROR(VLOOKUP(Tabela6[[#This Row],[Descrição]],Materiais!B:C,2,0),"")
B80: =42802+(365*4) -> 44262 | C80: =MONTH(Tabela6[[#This Row],[Data]]) -> 3 | D80: =YEAR(Tabela6[[#This Row],[Data]]) -> 2021 | E80: Vendas | F80: Brigadeiro Churros | G80: 12 | H80: 6 | I80: =IFERROR(VLOOKUP(Tabela6[[#This Row],[Descrição]],Materiais!B:C,2,0),"")
B81: =42802+(365*4) -> 44262 | C81: =MONTH(Tabela6[[#This Row],[Data]]) -> 3 | D81: =YEAR(Tabela6[[#This Row],[Data]]) -> 2021 | E81: Vendas | F81: Viracasaca (ovomaltine) | G81: 6 | H81: 3 | I81: =IFERROR(VLOOKUP(Tabela6[[#This Row],[Descrição]],Materiais!B:C,2,0),"")
B82: =42803+(365*4) -> 44263 | C82: =MONTH(Tabela6[[#This Row],[Data]]) -> 3 | D82: =YEAR(Tabela6[[#This Row],[Data]]) -> 2021 | E82: Vendas | F82: Brigadeiro Churros | G82: 4 | H82: 2 | I82: =IFERROR(VLOOKUP(Tabela6[[#This Row],[Descrição]],Materiais!B:C,2,0),"")
B83: =42803+(365*4) -> 44263 | C83: =MONTH(Tabela6[[#This Row],[Data]]) -> 3 | D83: =YEAR(Tabela6[[#This Row],[Data]]) -> 2021 | E83: Vendas | F83: Viracasaca (ovomaltine) | G83: 10 | H83: 5 | I83: =IFERROR(VLOOKUP(Tabela6[[#This Row],[Descrição]],Materiais!B:C,2,0),"")
B84: =42804+(365*4) -> 44264 | C84: =MONTH(Tabela6[[#This Row],[Data]]) -> 3 | D84: =YEAR(Tabela6[[#This Row],[Data]]) -> 2021 | E84: Vendas | F84: Brigadeiro Churros | G84: 10 | H84: 5 | I84: =IFERROR(VLOOKUP(Tabela6[[#This Row],[Descrição]],Materiais!B:C,2,0),"")
B85: =42804+(365*4) -> 44264 | C85: =MONTH(Tabela6[[#This Row],[Data]]) -> 3 | D85: =YEAR(Tabela6[[#This Row],[Data]]) -> 2021 | E85: Vendas | F85: Viracasaca (ovomaltine) | G85: 10 | H85: 5 | I85: =IFERROR(VLOOKUP(Tabela6[[#This Row],[Descrição]],Materiais!B:C,2,0),"")
B86: =42805+(365*4) -> 44265 | C86: =MONTH(Tabela6[[#This Row],[Data]]) -> 3 | D86: =YEAR(Tabela6[[#This Row],[Data]]) -> 2021 | E86: Embalagens | F86: Cachepô | G86: -7.2 | H86: 20 | I86: =IFERROR(VLOOKUP(Tabela6[[#This Row],[Descrição]],Materiais!B:C,2,0),"")
B87: =42805+(365*4) -> 44265 | C87: =MONTH(Tabela6[[#This Row],[Data]]) -> 3 | D87: =YEAR(Tabela6[[#This Row],[Data]]) -> 2021 | E87: Embalagens | F87: Caixinha de papelão | G87: -1.5 | H87: 1 | I87: =IFERROR(VLOOKUP(Tabela6[[#This Row],[Descrição]],Materiais!B:C,2,0),"")
B88: =42805+(365*4) -> 44265 | C88: =MONTH(Tabela6[[#This Row],[Data]]) -> 3 | D88: =YEAR(Tabela6[[#This Row],[Data]]) -> 2021 | E88: Ingredientes | F88: Cobertura de chocolate ao leite SICAO | G88: -16.8 | H88: 1050 | I88: =IFERROR(VLOOKUP(Tabela6[[#This Row],[Descrição]],Materiais!B:C,2,0),"")
B89: =42805+(365*4) -> 44265 | C89: =MONTH(Tabela6[[#This Row],[Data]]) -> 3 | D89: =YEAR(Tabela6[[#This Row],[Data]]) -> 2021 | E89: Ingredientes | F89: Creme de leite | G89: -3.15 | H89: 200 | I89: =IFERROR(VLOOKUP(Tabela6[[#This Row],[Descrição]],Materiais!B:C,2,0),"") -> g
B90: =42805+(365*4) -> 44265 | C90: =MONTH(Tabela6[[#This Row],[Data]]) -> 3 | D90: =YEAR(Tabela6[[#This Row],[Data]]) -> 2021 | E90: Embalagens | F90: Papel Chumbo | G90: -3.9 | H90: 5 | I90: =IFERROR(VLOOKUP(Tabela6[[#This Row],[Descrição]],Materiais!B:C,2,0),"")
B91: =42806+(365*4) -> 44266 | C91: =MONTH(Tabela6[[#This Row],[Data]]) -> 3 | D91: =YEAR(Tabela6[[#This Row],[Data]]) -> 2021 | E91: Embalagens | F91: Fitilho | G91: -1.7 | H91: 1500 | I91: =IFERROR(VLOOKUP(Tabela6[[#This Row],[Descrição]],Materiais!B:C,2,0),"")
B92: =42806+(365*4) -> 44266 | C92: =MONTH(Tabela6[[#This Row],[Data]]) -> 3 | D92: =YEAR(Tabela6[[#This Row],[Data]]) -> 2021 | E92: Embalagens | F92: Saco 10x15 | G92: -4.24 | H92: 50 | I92: =IFERROR(VLOOKUP(Tabela6[[#This Row],[Descrição]],Materiais!B:C,2,0),"")
B93: =42807+(365*4) -> 44267 | C93: =MONTH(Tabela6[[#This Row],[Data]]) -> 3 | D93: =YEAR(Tabela6[[#This Row],[Data]]) -> 2021 | E93: Vendas | F93: Brigadeiro Chocolate | G93: 16 | H93: 8 | I93: =IFERROR(VLOOKUP(Tabela6[[#This Row],[Descrição]],Materiais!B:C,2,0),"")
B94: =42807+(365*4) -> 44267 | C94: =MONTH(Tabela6[[#This Row],[Data]]) -> 3 | D94: =YEAR(Tabela6[[#This Row],[Data]]) -> 2021 | E94: Embalagens | F94: Caixinha de coelho | G94: -8.1 | H94: 8 | I94: =IFERROR(VLOOKUP(Tabela6[[#This Row],[Descrição]],Materiais!B:C,2,0),"")
B95: =42807+(365*4) -> 44267 | C95: =MONTH(Tabela6[[#This Row],[Data]]) -> 3 | D95: =YEAR(Tabela6[[#This Row],[Data]]) -> 2021 | E95: Vendas | F95: Brigadeiro Churros | G95: 8 | H95: 4 | I95: =IFERROR(VLOOKUP(Tabela6[[#This Row],[Descrição]],Materiais!B:C,2,0),"")
B96: =42807+(365*4) -> 44267 | C96: =MONTH(Tabela6[[#This Row],[Data]]) -> 3 | D96: =YEAR(Tabela6[[#This Row],[Data]]) -> 2021 | E96: Vendas | F96: Brigadeiro Coco | G96: 4 | H96: 2 | I96: =IFERROR(VLOOKUP(Tabela6[[#This Row],[Descrição]],Materiais!B:C,2,0),"")
B97: =42807+(365*4) -> 44267 | C97: =MONTH(Tabela6[[#This Row],[Data]]) -> 3 | D97: =YEAR(Tabela6[[#This Row],[Data]]) -> 2021 | E97: Vendas | F97: Original (cacau) | G97: 4 | H97: 2 | I97: =IFERROR(VLOOKUP(Tabela6[[#This Row],[Descrição]],Materiais!B:C,2,0),"")
B98: =42808+(365*4) -> 44268 | C98: =MONTH(Tabela6[[#This Row],[Data]]) -> 3 | D98: =YEAR(Tabela6[[#This Row],[Data]]) -> 2021 | E98: Vendas | F98: Brigadeiro Chocolate | G98: 16 | H98: 8 | I98: =IFERROR(VLOOKUP(Tabela6[[#This Row],[Descrição]],Materiais!B:C,2,0),"")
B99: =42808+(365*4) -> 44268 | C99: =MONTH(Tabela6[[#This Row],[Data]]) -> 3 | D99: =YEAR(Tabela6[[#This Row],[Data]]) -> 2021 | E99: Vendas | F99: Brigadeiro Churros | G99: 10 | H99: 5 | I99: =IFERROR(VLOOKUP(Tabela6[[#This Row],[Descrição]],Materiais!B:C,2,0),"")
B100: =42808+(365*4) -> 44268 | C100: =MONTH(Tabela6[[#This Row],[Data]]) -> 3 | D100: =YEAR(Tabela6[[#This Row],[Data]]) -> 2021 | E100: Ingredientes | F100: Leite condensado | G100: -124.75 | H100: 9875 | I100: =IFERROR(VLOOKUP(Tabela6[[#This Row],[Descrição]],Materiais!B:C,2,0),"") -> g
B101: =42808+(365*4) -> 44268 | C101: =MONTH(Tabela6[[#This Row],[Data]]) -> 3 | D101: =YEAR(Tabela6[[#This Row],[Data]]) -> 2021 | E101: Ingredientes | F101: Manteiga sem sal | G101: -8.4 | H101: 400 | I101: =IFERROR(VLOOKUP(Tabela6[[#This Row],[Descrição]],Materiais!B:C,2,0),"") -> g
B102: =42808+(365*4) -> 44268 | C102: =MONTH(Tabela6[[#This Row],[Data]]) -> 3 | D102: =YEAR(Tabela6[[#This Row],[Data]]) -> 2021 | E102: Ingredientes | F102: Margarina | G102: -4.69 | H102: 500 | I102: =IFERROR(VLOOKUP(Tabela6[[#This Row],[Descrição]],Materiais!B:C,2,0),"")
...

Sheet Fluxo de Caixa
B2: Fluxo de Caixa
B4: Fluxo de Caixa
C5: 44166 | D5: 44197 | E5: 44228 | F5: 44256 | G5: 44287 | H5: 44317 | I5: 44348 | J5: 44378 | K5: 44409 | L5: 44440 | M5: 44470 | N5: 44501 | O5: 44531 | P5: 44562 | Q5: 44593 | R5: 44621 | S5: 44652 | T5: 44682 | U5: 44713 | V5: 44743 | W5: 44774 | X5: 44805 | Y5: 44835 | Z5: 44866 | AA5: 44896 | AB5: 44927 | AC5: 44958 | AD5: 44986 | AE5: 45017 | AF5: 45047 | AG5: 45078 | AH5: 45108 | AI5: 45139 | AJ5: 45170 | AK5: 45200 | AL5: 45231 | AM5: 45261 | AN5: 45292 | AO5: 45323 | AP5: 45352 | AQ5: 45383 | AR5: 45413 | AS5: 45444
B6: Investimento | C6: =SUMIFS('Entradas e Saídas'!$G:$G,'Entradas e Saídas'!$E:$E,'Fluxo de Caixa'!$B6,'Entradas e Saídas'!$C:$C,MONTH('Fluxo de Caixa'!C$5),'Entradas e Saídas'!$D:$D,YEAR('Fluxo de Caixa'!C$5)) -> 0 | D6: =SUMIFS('Entradas e Saídas'!$G:$G,'Entradas e Saídas'!$E:$E,'Fluxo de Caixa'!$B6,'Entradas e Saídas'!$C:$C,MONTH('Fluxo de Caixa'!D$5),'Entradas e Saídas'!$D:$D,YEAR('Fluxo de Caixa'!D$5)) -> 0 | E6: =SUMIFS('Entradas e Saídas'!$G:$G,'Entradas e Saídas'!$E:$E,'Fluxo de Caixa'!$B6,'Entradas e Saídas'!$C:$C,MONTH('Fluxo de Caixa'!E$5),'Entradas e Saídas'!$D:$D,YEAR('Fluxo de Caixa'!E$5)) -> 0 | F6: =SUMIFS('Entradas e Saídas'!$G:$G,'Entradas e Saídas'!$E:$E,'Fluxo de Caixa'!$B6,'Entradas e Saídas'!$C:$C,MONTH('Fluxo de Caixa'!F$5),'Entradas e Saídas'!$D:$D,YEAR('Fluxo de Caixa'!F$5)) -> 0 | G6: =SUMIFS('Entradas e Saídas'!$G:$G,'Entradas e Saídas'!$E:$E,'Fluxo de Caixa'!$B6,'Entradas e Saídas'!$C:$C,MONTH('Fluxo de Caixa'!G$5),'Entradas e Saídas'!$D:$D,YEAR('Fluxo de Caixa'!G$5)) -> 0 | H6: =SUMIFS('Entradas e Saídas'!$G:$G,'Entradas e Saídas'!$E:$E,'Fluxo de Caixa'!$B6,'Entradas e Saídas'!$C:$C,MONTH('Fluxo de Caixa'!H$5),'Entradas e Saídas'!$D:$D,YEAR('Fluxo de Caixa'!H$5)) -> 0 | I6: =SUMIFS('Entradas e Saídas'!$G:$G,'Entradas e Saídas'!$E:$E,'Fluxo de Caixa'!$B6,'Entradas e Saídas'!$C:$C,MONTH('Fluxo de Caixa'!I$5),'Entradas e Saídas'!$D:$D,YEAR('Fluxo de Caixa'!I$5)) -> 0 | J6: =SUMIFS('Entradas e Saídas'!$G:$G,'Entradas e Saídas'!$E:$E,'Fluxo de Caixa'!$B6,'Entradas e Saídas'!$C:$C,MONTH('Fluxo de Caixa'!J$5),'Entradas e Saídas'!$D:$D,YEAR('Fluxo de Caixa'!J$5)) -> 0 | ... AS6: =SUMIFS('Entradas e Saídas'!$G:$G,'Entradas e Saídas'!$E:$E,'Fluxo de Caixa'!$B6,'Entradas e Saídas'!$C:$C,MONTH('Fluxo de Caixa'!AS$5),'Entradas e Saídas'!$D:$D,YEAR('Fluxo de Caixa'!AS$5)) -> 0
B7: Operacional | C7: =SUMIFS('Entradas e Saídas'!$G:$G,'Entradas e Saídas'!$E:$E,'Fluxo de Caixa'!$B7,'Entradas e Saídas'!$C:$C,MONTH('Fluxo de Caixa'!C$5),'Entradas e Saídas'!$D:$D,YEAR('Fluxo de Caixa'!C$5)) -> 0 | D7: =SUMIFS('Entradas e Saídas'!$G:$G,'Entradas e Saídas'!$E:$E,'Fluxo de Caixa'!$B7,'Entradas e Saídas'!$C:$C,MONTH('Fluxo de Caixa'!D$5),'Entradas e Saídas'!$D:$D,YEAR('Fluxo de Caixa'!D$5)) -> 0 | E7: =SUMIFS('Entradas e Saídas'!$G:$G,'Entradas e Saídas'!$E:$E,'Fluxo de Caixa'!$B7,'Entradas e Saídas'!$C:$C,MONTH('Fluxo de Caixa'!E$5),'Entradas e Saídas'!$D:$D,YEAR('Fluxo de Caixa'!E$5)) -> 0 | F7: =SUMIFS('Entradas e Saídas'!$G:$G,'Entradas e Saídas'!$E:$E,'Fluxo de Caixa'!$B7,'Entradas e Saídas'!$C:$C,MONTH('Fluxo de Caixa'!F$5),'Entradas e Saídas'!$D:$D,YEAR('Fluxo de Caixa'!F$5)) -> 0 | G7: =SUMIFS('Entradas e Saídas'!$G:$G,'Entradas e Saídas'!$E:$E,'Fluxo de Caixa'!$B7,'Entradas e Saídas'!$C:$C,MONTH('Fluxo de Caixa'!G$5),'Entradas e Saídas'!$D:$D,YEAR('Fluxo de Caixa'!G$5)) -> 0 | H7: =SUMIFS('Entradas e Saídas'!$G:$G,'Entradas e Saídas'!$E:$E,'Fluxo de Caixa'!$B7,'Entradas e Saídas'!$C:$C,MONTH('Fluxo de Caixa'!H$5),'Entradas e Saídas'!$D:$D,YEAR('Fluxo de Caixa'!H$5)) -> 0 | I7: =SUMIFS('Entradas e Saídas'!$G:$G,'Entradas e Saídas'!$E:$E,'Fluxo de Caixa'!$B7,'Entradas e Saídas'!$C:$C,MONTH('Fluxo de Caixa'!I$5),'Entradas e Saídas'!$D:$D,YEAR('Fluxo de Caixa'!I$5)) -> 0 | J7: =SUMIFS('Entradas e Saídas'!$G:$G,'Entradas e Saídas'!$E:$E,'Fluxo de Caixa'!$B7,'Entradas e Saídas'!$C:$C,MONTH('Fluxo de Caixa'!J$5),'Entradas e Saídas'!$D:$D,YEAR('Fluxo de Caixa'!J$5)) -> 0 | ... AS7: =SUMIFS('Entradas e Saídas'!$G:$G,'Entradas e Saídas'!$E:$E,'Fluxo de Caixa'!$B7,'Entradas e Saídas'!$C:$C,MONTH('Fluxo de Caixa'!AS$5),'Entradas e Saídas'!$D:$D,YEAR('Fluxo de Caixa'!AS$5)) -> 0
B8: Marketing | C8: =SUMIFS('Entradas e Saídas'!$G:$G,'Entradas e Saídas'!$E:$E,'Fluxo de Caixa'!$B8,'Entradas e Saídas'!$C:$C,MONTH('Fluxo de Caixa'!C$5),'Entradas e Saídas'!$D:$D,YEAR('Fluxo de Caixa'!C$5)) -> 0 | D8: =SUMIFS('Entradas e Saídas'!$G:$G,'Entradas e Saídas'!$E:$E,'Fluxo de Caixa'!$B8,'Entradas e Saídas'!$C:$C,MONTH('Fluxo de Caixa'!D$5),'Entradas e Saídas'!$D:$D,YEAR('Fluxo de Caixa'!D$5)) -> 0 | E8: =SUMIFS('Entradas e Saídas'!$G:$G,'Entradas e Saídas'!$E:$E,'Fluxo de Caixa'!$B8,'Entradas e Saídas'!$C:$C,MONTH('Fluxo de Caixa'!E$5),'Entradas e Saídas'!$D:$D,YEAR('Fluxo de Caixa'!E$5)) -> 0 | F8: =SUMIFS('Entradas e Saídas'!$G:$G,'Entradas e Saídas'!$E:$E,'Fluxo de Caixa'!$B8,'Entradas e Saídas'!$C:$C,MONTH('Fluxo de Caixa'!F$5),'Entradas e Saídas'!$D:$D,YEAR('Fluxo de Caixa'!F$5)) -> 0 | G8: =SUMIFS('Entradas e Saídas'!$G:$G,'Entradas e Saídas'!$E:$E,'Fluxo de Caixa'!$B8,'Entradas e Saídas'!$C:$C,MONTH('Fluxo de Caixa'!G$5),'Entradas e Saídas'!$D:$D,YEAR('Fluxo de Caixa'!G$5)) -> 0 | H8: =SUMIFS('Entradas e Saídas'!$G:$G,'Entradas e Saídas'!$E:$E,'Fluxo de Caixa'!$B8,'Entradas e Saídas'!$C:$C,MONTH('Fluxo de Caixa'!H$5),'Entradas e Saídas'!$D:$D,YEAR('Fluxo de Caixa'!H$5)) -> 0 | I8: =SUMIFS('Entradas e Saídas'!$G:$G,'Entradas e Saídas'!$E:$E,'Fluxo de Caixa'!$B8,'Entradas e Saídas'!$C:$C,MONTH('Fluxo de Caixa'!I$5),'Entradas e Saídas'!$D:$D,YEAR('Fluxo de Caixa'!I$5)) -> 0 | J8: =SUMIFS('Entradas e Saídas'!$G:$G,'Entradas e Saídas'!$E:$E,'Fluxo de Caixa'!$B8,'Entradas e Saídas'!$C:$C,MONTH('Fluxo de Caixa'!J$5),'Entradas e Saídas'!$D:$D,YEAR('Fluxo de Caixa'!J$5)) -> 0 | ... AS8: =SUMIFS('Entradas e Saídas'!$G:$G,'Entradas e Saídas'!$E:$E,'Fluxo de Caixa'!$B8,'Entradas e Saídas'!$C:$C,MONTH('Fluxo de Caixa'!AS$5),'Entradas e Saídas'!$D:$D,YEAR('Fluxo de Caixa'!AS$5)) -> 0
B9: Embalagens | C9: =SUMIFS('Entradas e Saídas'!$G:$G,'Entradas e Saídas'!$E:$E,'Fluxo de Caixa'!$B9,'Entradas e Saídas'!$C:$C,MONTH('Fluxo de Caixa'!C$5),'Entradas e Saídas'!$D:$D,YEAR('Fluxo de Caixa'!C$5)) -> -4 | D9: =SUMIFS('Entradas e Saídas'!$G:$G,'Entradas e Saídas'!$E:$E,'Fluxo de Caixa'!$B9,'Entradas e Saídas'!$C:$C,MONTH('Fluxo de Caixa'!D$5),'Entradas e Saídas'!$D:$D,YEAR('Fluxo de Caixa'!D$5)) -> -11.5 | E9: =SUMIFS('Entradas e Saídas'!$G:$G,'Entradas e Saídas'!$E:$E,'Fluxo de Caixa'!$B9,'Entradas e Saídas'!$C:$C,MONTH('Fluxo de Caixa'!E$5),'Entradas e Saídas'!$D:$D,YEAR('Fluxo de Caixa'!E$5)) -> -3 | F9: =SUMIFS('Entradas e Saídas'!$G:$G,'Entradas e Saídas'!$E:$E,'Fluxo de Caixa'!$B9,'Entradas e Saídas'!$C:$C,MONTH('Fluxo de Caixa'!F$5),'Entradas e Saídas'!$D:$D,YEAR('Fluxo de Caixa'!F$5)) -> -109.66 | G9: =SUMIFS('Entradas e Saídas'!$G:$G,'Entradas e Saídas'!$E:$E,'Fluxo de Caixa'!$B9,'Entradas e Saídas'!$C:$C,MONTH('Fluxo de Caixa'!G$5),'Entradas e Saídas'!$D:$D,YEAR('Fluxo de Caixa'!G$5)) -> -101.86 | H9: =SUMIFS('Entradas e Saídas'!$G:$G,'Entradas e Saídas'!$E:$E,'Fluxo de Caixa'!$B9,'Entradas e Saídas'!$C:$C,MONTH('Fluxo de Caixa'!H$5),'Entradas e Saídas'!$D:$D,YEAR('Fluxo de Caixa'!H$5)) -> -47.51 | I9: =SUMIFS('Entradas e Saídas'!$G:$G,'Entradas e Saídas'!$E:$E,'Fluxo de Caixa'!$B9,'Entradas e Saídas'!$C:$C,MONTH('Fluxo de Caixa'!I$5),'Entradas e Saídas'!$D:$D,YEAR('Fluxo de Caixa'!I$5)) -> -120.94 | J9: =SUMIFS('Entradas e Saídas'!$G:$G,'Entradas e Saídas'!$E:$E,'Fluxo de Caixa'!$B9,'Entradas e Saídas'!$C:$C,MONTH('Fluxo de Caixa'!J$5),'Entradas e Saídas'!$D:$D,YEAR('Fluxo de Caixa'!J$5)) -> -4.95 | ... AS9: =SUMIFS('Entradas e Saídas'!$G:$G,'Entradas e Saídas'!$E:$E,'Fluxo de Caixa'!$B9,'Entradas e Saídas'!$C:$C,MONTH('Fluxo de Caixa'!AS$5),'Entradas e Saídas'!$D:$D,YEAR('Fluxo de Caixa'!AS$5)) -> 0
B10: Ingredientes | C10: =SUMIFS('Entradas e Saídas'!$G:$G,'Entradas e Saídas'!$E:$E,'Fluxo de Caixa'!$B10,'Entradas e Saídas'!$C:$C,MONTH('Fluxo de Caixa'!C$5),'Entradas e Saídas'!$D:$D,YEAR('Fluxo de Caixa'!C$5)) -> -203.2 | D10: =SUMIFS('Entradas e Saídas'!$G:$G,'Entradas e Saídas'!$E:$E,'Fluxo de Caixa'!$B10,'Entradas e Saídas'!$C:$C,MONTH('Fluxo de Caixa'!D$5),'Entradas e Saídas'!$D:$D,YEAR('Fluxo de Caixa'!D$5)) -> -111.79 | E10: =SUMIFS('Entradas e Saídas'!$G:$G,'Entradas e Saídas'!$E:$E,'Fluxo de Caixa'!$B10,'Entradas e Saídas'!$C:$C,MONTH('Fluxo de Caixa'!E$5),'Entradas e Saídas'!$D:$D,YEAR('Fluxo de Caixa'!E$5)) -> -56.604 | F10: =SUMIFS('Entradas e Saídas'!$G:$G,'Entradas e Saídas'!$E:$E,'Fluxo de Caixa'!$B10,'Entradas e Saídas'!$C:$C,MONTH('Fluxo de Caixa'!F$5),'Entradas e Saídas'!$D:$D,YEAR('Fluxo de Caixa'!F$5)) -> -448.01 | G10: =SUMIFS('Entradas e Saídas'!$G:$G,'Entradas e Saídas'!$E:$E,'Fluxo de Caixa'!$B10,'Entradas e Saídas'!$C:$C,MONTH('Fluxo de Caixa'!G$5),'Entradas e Saídas'!$D:$D,YEAR('Fluxo de Caixa'!G$5)) -> -210.07 | H10: =SUMIFS('Entradas e Saídas'!$G:$G,'Entradas e Saídas'!$E:$E,'Fluxo de Caixa'!$B10,'Entradas e Saídas'!$C:$C,MONTH('Fluxo de Caixa'!H$5),'Entradas e Saídas'!$D:$D,YEAR('Fluxo de Caixa'!H$5)) -> -507.19 | I10: =SUMIFS('Entradas e Saídas'!$G:$G,'Entradas e Saídas'!$E:$E,'Fluxo de Caixa'!$B10,'Entradas e Saídas'!$C:$C,MONTH('Fluxo de Caixa'!I$5),'Entradas e Saídas'!$D:$D,YEAR('Fluxo de Caixa'!I$5)) -> -457.55 | J10: =SUMIFS('Entradas e Saídas'!$G:$G,'Entradas e Saídas'!$E:$E,'Fluxo de Caixa'!$B10,'Entradas e Saídas'!$C:$C,MONTH('Fluxo de Caixa'!J$5),'Entradas e Saídas'!$D:$D,YEAR('Fluxo de Caixa'!J$5)) -> -441.7875 | ... AS10: =SUMIFS('Entradas e Saídas'!$G:$G,'Entradas e Saídas'!$E:$E,'Fluxo de Caixa'!$B10,'Entradas e Saídas'!$C:$C,MONTH('Fluxo de Caixa'!AS$5),'Entradas e Saídas'!$D:$D,YEAR('Fluxo de Caixa'!AS$5)) -> 0
B11: Material | C11: =SUMIFS('Entradas e Saídas'!$G:$G,'Entradas e Saídas'!$E:$E,'Fluxo de Caixa'!$B11,'Entradas e Saídas'!$C:$C,MONTH('Fluxo de Caixa'!C$5),'Entradas e Saídas'!$D:$D,YEAR('Fluxo de Caixa'!C$5)) -> 0 | D11: =SUMIFS('Entradas e Saídas'!$G:$G,'Entradas e Saídas'!$E:$E,'Fluxo de Caixa'!$B11,'Entradas e Saídas'!$C:$C,MONTH('Fluxo de Caixa'!D$5),'Entradas e Saídas'!$D:$D,YEAR('Fluxo de Caixa'!D$5)) -> 0 | E11: =SUMIFS('Entradas e Saídas'!$G:$G,'Entradas e Saídas'!$E:$E,'Fluxo de Caixa'!$B11,'Entradas e Saídas'!$C:$C,MONTH('Fluxo de Caixa'!E$5),'Entradas e Saídas'!$D:$D,YEAR('Fluxo de Caixa'!E$5)) -> 0 | F11: =SUMIFS('Entradas e Saídas'!$G:$G,'Entradas e Saídas'!$E:$E,'Fluxo de Caixa'!$B11,'Entradas e Saídas'!$C:$C,MONTH('Fluxo de Caixa'!F$5),'Entradas e Saídas'!$D:$D,YEAR('Fluxo de Caixa'!F$5)) -> 0 | G11: =SUMIFS('Entradas e Saídas'!$G:$G,'Entradas e Saídas'!$E:$E,'Fluxo de Caixa'!$B11,'Entradas e Saídas'!$C:$C,MONTH('Fluxo de Caixa'!G$5),'Entradas e Saídas'!$D:$D,YEAR('Fluxo de Caixa'!G$5)) -> 0 | H11: =SUMIFS('Entradas e Saídas'!$G:$G,'Entradas e Saídas'!$E:$E,'Fluxo de Caixa'!$B11,'Entradas e Saídas'!$C:$C,MONTH('Fluxo de Caixa'!H$5),'Entradas e Saídas'!$D:$D,YEAR('Fluxo de Caixa'!H$5)) -> 0 | I11: =SUMIFS('Entradas e Saídas'!$G:$G,'Entradas e Saídas'!$E:$E,'Fluxo de Caixa'!$B11,'Entradas e Saídas'!$C:$C,MONTH('Fluxo de Caixa'!I$5),'Entradas e Saídas'!$D:$D,YEAR('Fluxo de Caixa'!I$5)) -> 0 | J11: =SUMIFS('Entradas e Saídas'!$G:$G,'Entradas e Saídas'!$E:$E,'Fluxo de Caixa'!$B11,'Entradas e Saídas'!$C:$C,MONTH('Fluxo de Caixa'!J$5),'Entradas e Saídas'!$D:$D,YEAR('Fluxo de Caixa'!J$5)) -> 0 | ... AS11: =SUMIFS('Entradas e Saídas'!$G:$G,'Entradas e Saídas'!$E:$E,'Fluxo de Caixa'!$B11,'Entradas e Saídas'!$C:$C,MONTH('Fluxo de Caixa'!AS$5),'Entradas e Saídas'!$D:$D,YEAR('Fluxo de Caixa'!AS$5)) -> 0
B12: Vendas | C12: =SUMIFS('Entradas e Saídas'!$G:$G,'Entradas e Saídas'!$E:$E,'Fluxo de Caixa'!$B12,'Entradas e Saídas'!$C:$C,MONTH('Fluxo de Caixa'!C$5),'Entradas e Saídas'!$D:$D,YEAR('Fluxo de Caixa'!C$5)) -> 0 | D12: =SUMIFS('Entradas e Saídas'!$G:$G,'Entradas e Saídas'!$E:$E,'Fluxo de Caixa'!$B12,'Entradas e Saídas'!$C:$C,MONTH('Fluxo de Caixa'!D$5),'Entradas e Saídas'!$D:$D,YEAR('Fluxo de Caixa'!D$5)) -> 418 | E12: =SUMIFS('Entradas e Saídas'!$G:$G,'Entradas e Saídas'!$E:$E,'Fluxo de Caixa'!$B12,'Entradas e Saídas'!$C:$C,MONTH('Fluxo de Caixa'!E$5),'Entradas e Saídas'!$D:$D,YEAR('Fluxo de Caixa'!E$5)) -> 134 | F12: =SUMIFS('Entradas e Saídas'!$G:$G,'Entradas e Saídas'!$E:$E,'Fluxo de Caixa'!$B12,'Entradas e Saídas'!$C:$C,MONTH('Fluxo de Caixa'!F$5),'Entradas e Saídas'!$D:$D,YEAR('Fluxo de Caixa'!F$5)) -> 1062.5 | G12: =SUMIFS('Entradas e Saídas'!$G:$G,'Entradas e Saídas'!$E:$E,'Fluxo de Caixa'!$B12,'Entradas e Saídas'!$C:$C,MONTH('Fluxo de Caixa'!G$5),'Entradas e Saídas'!$D:$D,YEAR('Fluxo de Caixa'!G$5)) -> 509 | H12: =SUMIFS('Entradas e Saídas'!$G:$G,'Entradas e Saídas'!$E:$E,'Fluxo de Caixa'!$B12,'Entradas e Saídas'!$C:$C,MONTH('Fluxo de Caixa'!H$5),'Entradas e Saídas'!$D:$D,YEAR('Fluxo de Caixa'!H$5)) -> 1393.3 | I12: =SUMIFS('Entradas e Saídas'!$G:$G,'Entradas e Saídas'!$E:$E,'Fluxo de Caixa'!$B12,'Entradas e Saídas'!$C:$C,MONTH('Fluxo de Caixa'!I$5),'Entradas e Saídas'!$D:$D,YEAR('Fluxo de Caixa'!I$5)) -> 1605 | J12: =SUMIFS('Entradas e Saídas'!$G:$G,'Entradas e Saídas'!$E:$E,'Fluxo de Caixa'!$B12,'Entradas e Saídas'!$C:$C,MONTH('Fluxo de Caixa'!J$5),'Entradas e Saídas'!$D:$D,YEAR('Fluxo de Caixa'!J$5)) -> 1144 | ... AS12: =SUMIFS('Entradas e Saídas'!$G:$G,'Entradas e Saídas'!$E:$E,'Fluxo de Caixa'!$B12,'Entradas e Saídas'!$C:$C,MONTH('Fluxo de Caixa'!AS$5),'Entradas e Saídas'!$D:$D,YEAR('Fluxo de Caixa'!AS$5)) -> 0
B13: =IF(Produtos!B5="","-",Produtos!B5) -> Brigadeiro Chocolate | C13: =SUMIFS('Entradas e Saídas'!$G:$G,'Entradas e Saídas'!$E:$E,"Vendas",'Entradas e Saídas'!$C:$C,MONTH('Fluxo de Caixa'!C$5),'Entradas e Saídas'!$D:$D,YEAR('Fluxo de Caixa'!C$5),'Entradas e Saídas'!$F:$F,'Fluxo de Caixa'!$B13) -> 0 | D13: =SUMIFS('Entradas e Saídas'!$G:$G,'Entradas e Saídas'!$E:$E,"Vendas",'Entradas e Saídas'!$C:$C,MONTH('Fluxo de Caixa'!D$5),'Entradas e Saídas'!$D:$D,YEAR('Fluxo de Caixa'!D$5),'Entradas e Saídas'!$F:$F,'Fluxo de Caixa'!$B13) -> 186 | E13: =SUMIFS('Entradas e Saídas'!$G:$G,'Entradas e Saídas'!$E:$E,"Vendas",'Entradas e Saídas'!$C:$C,MONTH('Fluxo de Caixa'!E$5),'Entradas e Saídas'!$D:$D,YEAR('Fluxo de Caixa'!E$5),'Entradas e Saídas'!$F:$F,'Fluxo de Caixa'!$B13) -> 64 | F13: =SUMIFS('Entradas e Saídas'!$G:$G,'Entradas e Saídas'!$E:$E,"Vendas",'Entradas e Saídas'!$C:$C,MONTH('Fluxo de Caixa'!F$5),'Entradas e Saídas'!$D:$D,YEAR('Fluxo de Caixa'!F$5),'Entradas e Saídas'!$F:$F,'Fluxo de Caixa'!$B13) -> 482 | G13: =SUMIFS('Entradas e Saídas'!$G:$G,'Entradas e Saídas'!$E:$E,"Vendas",'Entradas e Saídas'!$C:$C,MONTH('Fluxo de Caixa'!G$5),'Entradas e Saídas'!$D:$D,YEAR('Fluxo de Caixa'!G$5),'Entradas e Saídas'!$F:$F,'Fluxo de Caixa'!$B13) -> 98 | H13: =SUMIFS('Entradas e Saídas'!$G:$G,'Entradas e Saídas'!$E:$E,"Vendas",'Entradas e Saídas'!$C:$C,MONTH('Fluxo de Caixa'!H$5),'Entradas e Saídas'!$D:$D,YEAR('Fluxo de Caixa'!H$5),'Entradas e Saídas'!$F:$F,'Fluxo de Caixa'!$B13) -> 320.05 | I13: =SUMIFS('Entradas e Saídas'!$G:$G,'Entradas e Saídas'!$E:$E,"Vendas",'Entradas e Saídas'!$C:$C,MONTH('Fluxo de Caixa'!I$5),'Entradas e Saídas'!$D:$D,YEAR('Fluxo de Caixa'!I$5),'Entradas e Saídas'!$F:$F,'Fluxo de Caixa'!$B13) -> 558.5 | J13: =SUMIFS('Entradas e Saídas'!$G:$G,'Entradas e Saídas'!$E:$E,"Vendas",'Entradas e Saídas'!$C:$C,MONTH('Fluxo de Caixa'!J$5),'Entradas e Saídas'!$D:$D,YEAR('Fluxo de Caixa'!J$5),'Entradas e Saídas'!$F:$F,'Fluxo de Caixa'!$B13) -> 321.5 | ... AS13: =SUMIFS('Entradas e Saídas'!$G:$G,'Entradas e Saídas'!$E:$E,"Vendas",'Entradas e Saídas'!$C:$C,MONTH('Fluxo de Caixa'!AS$5),'Entradas e Saídas'!$D:$D,YEAR('Fluxo de Caixa'!AS$5),'Entradas e Saídas'!$F:$F,'Fluxo de Caixa'!$B13) -> 0
B14: =IF(Produtos!B6="","-",Produtos!B6) -> Brigadeiro Coco | C14: =SUMIFS('Entradas e Saídas'!$G:$G,'Entradas e Saídas'!$E:$E,"Vendas",'Entradas e Saídas'!$C:$C,MONTH('Fluxo de Caixa'!C$5),'Entradas e Saídas'!$D:$D,YEAR('Fluxo de Caixa'!C$5),'Entradas e Saídas'!$F:$F,'Fluxo de Caixa'!$B14) -> 0 | D14: =SUMIFS('Entradas e Saídas'!$G:$G,'Entradas e Saídas'!$E:$E,"Vendas",'Entradas e Saídas'!$C:$C,MONTH('Fluxo de Caixa'!D$5),'Entradas e Saídas'!$D:$D,YEAR('Fluxo de Caixa'!D$5),'Entradas e Saídas'!$F:$F,'Fluxo de Caixa'!$B14) -> 0 | E14: =SUMIFS('Entradas e Saídas'!$G:$G,'Entradas e Saídas'!$E:$E,"Vendas",'Entradas e Saídas'!$C:$C,MONTH('Fluxo de Caixa'!E$5),'Entradas e Saídas'!$D:$D,YEAR('Fluxo de Caixa'!E$5),'Entradas e Saídas'!$F:$F,'Fluxo de Caixa'!$B14) -> 48 | F14: =SUMIFS('Entradas e Saídas'!$G:$G,'Entradas e Saídas'!$E:$E,"Vendas",'Entradas e Saídas'!$C:$C,MONTH('Fluxo de Caixa'!F$5),'Entradas e Saídas'!$D:$D,YEAR('Fluxo de Caixa'!F$5),'Entradas e Saídas'!$F:$F,'Fluxo de Caixa'!$B14) -> 58 | G14: =SUMIFS('Entradas e Saídas'!$G:$G,'Entradas e Saídas'!$E:$E,"Vendas",'Entradas e Saídas'!$C:$C,MONTH('Fluxo de Caixa'!G$5),'Entradas e Saídas'!$D:$D,YEAR('Fluxo de Caixa'!G$5),'Entradas e Saídas'!$F:$F,'Fluxo de Caixa'!$B14) -> 82 | H14: =SUMIFS('Entradas e Saídas'!$G:$G,'Entradas e Saídas'!$E:$E,"Vendas",'Entradas e Saídas'!$C:$C,MONTH('Fluxo de Caixa'!H$5),'Entradas e Saídas'!$D:$D,YEAR('Fluxo de Caixa'!H$5),'Entradas e Saídas'!$F:$F,'Fluxo de Caixa'!$B14) -> 137 | I14: =SUMIFS('Entradas e Saídas'!$G:$G,'Entradas e Saídas'!$E:$E,"Vendas",'Entradas e Saídas'!$C:$C,MONTH('Fluxo de Caixa'!I$5),'Entradas e Saídas'!$D:$D,YEAR('Fluxo de Caixa'!I$5),'Entradas e Saídas'!$F:$F,'Fluxo de Caixa'!$B14) -> 62 | J14: =SUMIFS('Entradas e Saídas'!$G:$G,'Entradas e Saídas'!$E:$E,"Vendas",'Entradas e Saídas'!$C:$C,MONTH('Fluxo de Caixa'!J$5),'Entradas e Saídas'!$D:$D,YEAR('Fluxo de Caixa'!J$5),'Entradas e Saídas'!$F:$F,'Fluxo de Caixa'!$B14) -> 98 | ... AS14: =SUMIFS('Entradas e Saídas'!$G:$G,'Entradas e Saídas'!$E:$E,"Vendas",'Entradas e Saídas'!$C:$C,MONTH('Fluxo de Caixa'!AS$5),'Entradas e Saídas'!$D:$D,YEAR('Fluxo de Caixa'!AS$5),'Entradas e Saídas'!$F:$F,'Fluxo de Caixa'!$B14) -> 0
B15: =IF(Produtos!B7="","-",Produtos!B7) -> Brigadeiro Café | C15: =SUMIFS('Entradas e Saídas'!$G:$G,'Entradas e Saídas'!$E:$E,"Vendas",'Entradas e Saídas'!$C:$C,MONTH('Fluxo de Caixa'!C$5),'Entradas e Saídas'!$D:$D,YEAR('Fluxo de Caixa'!C$5),'Entradas e Saídas'!$F:$F,'Fluxo de Caixa'!$B15) -> 0 | D15: =SUMIFS('Entradas e Saídas'!$G:$G,'Entradas e Saídas'!$E:$E,"Vendas",'Entradas e Saídas'!$C:$C,MONTH('Fluxo de Caixa'!D$5),'Entradas e Saídas'!$D:$D,YEAR('Fluxo de Caixa'!D$5),'Entradas e Saídas'!$F:$F,'Fluxo de Caixa'!$B15) -> 0 | E15: =SUMIFS('Entradas e Saídas'!$G:$G,'Entradas e Saídas'!$E:$E,"Vendas",'Entradas e Saídas'!$C:$C,MONTH('Fluxo de Caixa'!E$5),'Entradas e Saídas'!$D:$D,YEAR('Fluxo de Caixa'!E$5),'Entradas e Saídas'!$F:$F,'Fluxo de Caixa'!$B15) -> 0 | F15: =SUMIFS('Entradas e Saídas'!$G:$G,'Entradas e Saídas'!$E:$E,"Vendas",'Entradas e Saídas'!$C:$C,MONTH('Fluxo de Caixa'!F$5),'Entradas e Saídas'!$D:$D,YEAR('Fluxo de Caixa'!F$5),'Entradas e Saídas'!$F:$F,'Fluxo de Caixa'!$B15) -> 0 | G15: =SUMIFS('Entradas e Saídas'!$G:$G,'Entradas e Saídas'!$E:$E,"Vendas",'Entradas e Saídas'!$C:$C,MONTH('Fluxo de Caixa'!G$5),'Entradas e Saídas'!$D:$D,YEAR('Fluxo de Caixa'!G$5),'Entradas e Saídas'!$F:$F,'Fluxo de Caixa'!$B15) -> 0 | H15: =SUMIFS('Entradas e Saídas'!$G:$G,'Entradas e Saídas'!$E:$E,"Vendas",'Entradas e Saídas'!$C:$C,MONTH('Fluxo de Caixa'!H$5),'Entradas e Saídas'!$D:$D,YEAR('Fluxo de Caixa'!H$5),'Entradas e Saídas'!$F:$F,'Fluxo de Caixa'!$B15) -> 0 | I15: =SUMIFS('Entradas e Saídas'!$G:$G,'Entradas e Saídas'!$E:$E,"Vendas",'Entradas e Saídas'!$C:$C,MONTH('Fluxo de Caixa'!I$5),'Entradas e Saídas'!$D:$D,YEAR('Fluxo de Caixa'!I$5),'Entradas e Saídas'!$F:$F,'Fluxo de Caixa'!$B15) -> 0 | J15: =SUMIFS('Entradas e Saídas'!$G:$G,'Entradas e Saídas'!$E:$E,"Vendas",'Entradas e Saídas'!$C:$C,MONTH('Fluxo de Caixa'!J$5),'Entradas e Saídas'!$D:$D,YEAR('Fluxo de Caixa'!J$5),'Entradas e Saídas'!$F:$F,'Fluxo de Caixa'!$B15) -> 0 | ... AS15: =SUMIFS('Entradas e Saídas'!$G:$G,'Entradas e Saídas'!$E:$E,"Vendas",'Entradas e Saídas'!$C:$C,MONTH('Fluxo de Caixa'!AS$5),'Entradas e Saídas'!$D:$D,YEAR('Fluxo de Caixa'!AS$5),'Entradas e Saídas'!$F:$F,'Fluxo de Caixa'!$B15) -> 0
B16: =IF(Produtos!B8="","-",Produtos!B8) -> Brigadeiro Nozes | C16: =SUMIFS('Entradas e Saídas'!$G:$G,'Entradas e Saídas'!$E:$E,"Vendas",'Entradas e Saídas'!$C:$C,MONTH('Fluxo de Caixa'!C$5),'Entradas e Saídas'!$D:$D,YEAR('Fluxo de Caixa'!C$5),'Entradas e Saídas'!$F:$F,'Fluxo de Caixa'!$B16) -> 0 | D16: =SUMIFS('Entradas e Saídas'!$G:$G,'Entradas e Saídas'!$E:$E,"Vendas",'Entradas e Saídas'!$C:$C,MONTH('Fluxo de Caixa'!D$5),'Entradas e Saídas'!$D:$D,YEAR('Fluxo de Caixa'!D$5),'Entradas e Saídas'!$F:$F,'Fluxo de Caixa'!$B16) -> 0 | E16: =SUMIFS('Entradas e Saídas'!$G:$G,'Entradas e Saídas'!$E:$E,"Vendas",'Entradas e Saídas'!$C:$C,MONTH('Fluxo de Caixa'!E$5),'Entradas e Saídas'!$D:$D,YEAR('Fluxo de Caixa'!E$5),'Entradas e Saídas'!$F:$F,'Fluxo de Caixa'!$B16) -> 0 | F16: =SUMIFS('Entradas e Saídas'!$G:$G,'Entradas e Saídas'!$E:$E,"Vendas",'Entradas e Saídas'!$C:$C,MONTH('Fluxo de Caixa'!F$5),'Entradas e Saídas'!$D:$D,YEAR('Fluxo de Caixa'!F$5),'Entradas e Saídas'!$F:$F,'Fluxo de Caixa'!$B16) -> 0 | G16: =SUMIFS('Entradas e Saídas'!$G:$G,'Entradas e Saídas'!$E:$E,"Vendas",'Entradas e Saídas'!$C:$C,MONTH('Fluxo de Caixa'!G$5),'Entradas e Saídas'!$D:$D,YEAR('Fluxo de Caixa'!G$5),'Entradas e Saídas'!$F:$F,'Fluxo de Caixa'!$B16) -> 0 | H16: =SUMIFS('Entradas e Saídas'!$G:$G,'Entradas e Saídas'!$E:$E,"Vendas",'Entradas e Saídas'!$C:$C,MONTH('Fluxo de Caixa'!H$5),'Entradas e Saídas'!$D:$D,YEAR('Fluxo de Caixa'!H$5),'Entradas e Saídas'!$F:$F,'Fluxo de Caixa'!$B16) -> 0 | I16: =SUMIFS('Entradas e Saídas'!$G:$G,'Entradas e Saídas'!$E:$E,"Vendas",'Entradas e Saídas'!$C:$C,MONTH('Fluxo de Caixa'!I$5),'Entradas e Saídas'!$D:$D,YEAR('Fluxo de Caixa'!I$5),'Entradas e Saídas'!$F:$F,'Fluxo de Caixa'!$B16) -> 0 | J16: =SUMIFS('Entradas e Saídas'!$G:$G,'Entradas e Saídas'!$E:$E,"Vendas",'Entradas e Saídas'!$C:$C,MONTH('Fluxo de Caixa'!J$5),'Entradas e Saídas'!$D:$D,YEAR('Fluxo de Caixa'!J$5),'Entradas e Saídas'!$F:$F,'Fluxo de Caixa'!$B16) -> 0 | ... AS16: =SUMIFS('Entradas e Saídas'!$G:$G,'Entradas e Saídas'!$E:$E,"Vendas",'Entradas e Saídas'!$C:$C,MONTH('Fluxo de Caixa'!AS$5),'Entradas e Saídas'!$D:$D,YEAR('Fluxo de Caixa'!AS$5),'Entradas e Saídas'!$F:$F,'Fluxo de Caixa'!$B16) -> 0
B17: =IF(Produtos!B9="","-",Produtos!B9) -> Brigadeiro Churros | C17: =SUMIFS('Entradas e Saídas'!$G:$G,'Entradas e Saídas'!$E:$E,"Vendas",'Entradas e Saídas'!$C:$C,MONTH('Fluxo de Caixa'!C$5),'Entradas e Saídas'!$D:$D,YEAR('Fluxo de Caixa'!C$5),'Entradas e Saídas'!$F:$F,'Fluxo de Caixa'!$B17) -> 0 | D17: =SUMIFS('Entradas e Saídas'!$G:$G,'Entradas e Saídas'!$E:$E,"Vendas",'Entradas e Saídas'!$C:$C,MONTH('Fluxo de Caixa'!D$5),'Entradas e Saídas'!$D:$D,YEAR('Fluxo de Caixa'!D$5),'Entradas e Saídas'!$F:$F,'Fluxo de Caixa'!$B17) -> 118 | E17: =SUMIFS('Entradas e Saídas'!$G:$G,'Entradas e Saídas'!$E:$E,"Vendas",'Entradas e Saídas'!$C:$C,MONTH('Fluxo de Caixa'!E$5),'Entradas e Saídas'!$D:$D,YEAR('Fluxo de Caixa'!E$5),'Entradas e Saídas'!$F:$F,'Fluxo de Caixa'!$B17) -> 22 | F17: =SUMIFS('Entradas e Saídas'!$G:$G,'Entradas e Saídas'!$E:$E,"Vendas",'Entradas e Saídas'!$C:$C,MONTH('Fluxo de Caixa'!F$5),'Entradas e Saídas'!$D:$D,YEAR('Fluxo de Caixa'!F$5),'Entradas e Saídas'!$F:$F,'Fluxo de Caixa'!$B17) -> 192 | G17: =SUMIFS('Entradas e Saídas'!$G:$G,'Entradas e Saídas'!$E:$E,"Vendas",'Entradas e Saídas'!$C:$C,MONTH('Fluxo de Caixa'!G$5),'Entradas e Saídas'!$D:$D,YEAR('Fluxo de Caixa'!G$5),'Entradas e Saídas'!$F:$F,'Fluxo de Caixa'!$B17) -> 124 | H17: =SUMIFS('Entradas e Saídas'!$G:$G,'Entradas e Saídas'!$E:$E,"Vendas",'Entradas e Saídas'!$C:$C,MONTH('Fluxo de Caixa'!H$5),'Entradas e Saídas'!$D:$D,YEAR('Fluxo de Caixa'!H$5),'Entradas e Saídas'!$F:$F,'Fluxo de Caixa'!$B17) -> 237.25 | I17: =SUMIFS('Entradas e Saídas'!$G:$G,'Entradas e Saídas'!$E:$E,"Vendas",'Entradas e Saídas'!$C:$C,MONTH('Fluxo de Caixa'!I$5),'Entradas e Saídas'!$D:$D,YEAR('Fluxo de Caixa'!I$5),'Entradas e Saídas'!$F:$F,'Fluxo de Caixa'!$B17) -> 95.5 | J17: =SUMIFS('Entradas e Saídas'!$G:$G,'Entradas e Saídas'!$E:$E,"Vendas",'Entradas e Saídas'!$C:$C,MONTH('Fluxo de Caixa'!J$5),'Entradas e Saídas'!$D:$D,YEAR('Fluxo de Caixa'!J$5),'Entradas e Saídas'!$F:$F,'Fluxo de Caixa'!$B17) -> 176 | ... AS17: =SUMIFS('Entradas e Saídas'!$G:$G,'Entradas e Saídas'!$E:$E,"Vendas",'Entradas e Saídas'!$C:$C,MONTH('Fluxo de Caixa'!AS$5),'Entradas e Saídas'!$D:$D,YEAR('Fluxo de Caixa'!AS$5),'Entradas e Saídas'!$F:$F,'Fluxo de Caixa'!$B17) -> 0
B18: =IF(Produtos!B10="","-",Produtos!B10) -> Brigadeiro Paçoca | C18: =SUMIFS('Entradas e Saídas'!$G:$G,'Entradas e Saídas'!$E:$E,"Vendas",'Entradas e Saídas'!$C:$C,MONTH('Fluxo de Caixa'!C$5),'Entradas e Saídas'!$D:$D,YEAR('Fluxo de Caixa'!C$5),'Entradas e Saídas'!$F:$F,'Fluxo de Caixa'!$B18) -> 0 | D18: =SUMIFS('Entradas e Saídas'!$G:$G,'Entradas e Saídas'!$E:$E,"Vendas",'Entradas e Saídas'!$C:$C,MONTH('Fluxo de Caixa'!D$5),'Entradas e Saídas'!$D:$D,YEAR('Fluxo de Caixa'!D$5),'Entradas e Saídas'!$F:$F,'Fluxo de Caixa'!$B18) -> 0 | E18: =SUMIFS('Entradas e Saídas'!$G:$G,'Entradas e Saídas'!$E:$E,"Vendas",'Entradas e Saídas'!$C:$C,MONTH('Fluxo de Caixa'!E$5),'Entradas e Saídas'!$D:$D,YEAR('Fluxo de Caixa'!E$5),'Entradas e Saídas'!$F:$F,'Fluxo de Caixa'!$B18) -> 0 | F18: =SUMIFS('Entradas e Saídas'!$G:$G,'Entradas e Saídas'!$E:$E,"Vendas",'Entradas e Saídas'!$C:$C,MONTH('Fluxo de Caixa'!F$5),'Entradas e Saídas'!$D:$D,YEAR('Fluxo de Caixa'!F$5),'Entradas e Saídas'!$F:$F,'Fluxo de Caixa'!$B18) -> 16 | G18: =SUMIFS('Entradas e Saídas'!$G:$G,'Entradas e Saídas'!$E:$E,"Vendas",'Entradas e Saídas'!$C:$C,MONTH('Fluxo de Caixa'!G$5),'Entradas e Saídas'!$D:$D,YEAR('Fluxo de Caixa'!G$5),'Entradas e Saídas'!$F:$F,'Fluxo de Caixa'!$B18) -> 0 | H18: =SUMIFS('Entradas e Saídas'!$G:$G,'Entradas e Saídas'!$E:$E,"Vendas",'Entradas e Saídas'!$C:$C,MONTH('Fluxo de Caixa'!H$5),'Entradas e Saídas'!$D:$D,YEAR('Fluxo de Caixa'!H$5),'Entradas e Saídas'!$F:$F,'Fluxo de Caixa'!$B18) -> 29.5 | I18: =SUMIFS('Entradas e Saídas'!$G:$G,'Entradas e Saídas'!$E:$E,"Vendas",'Entradas e Saídas'!$C:$C,MONTH('Fluxo de Caixa'!I$5),'Entradas e Saídas'!$D:$D,YEAR('Fluxo de Caixa'!I$5),'Entradas e Saídas'!$F:$F,'Fluxo de Caixa'!$B18) -> 10 | J18: =SUMIFS('Entradas e Saídas'!$G:$G,'Entradas e Saídas'!$E:$E,"Vendas",'Entradas e Saídas'!$C:$C,MONTH('Fluxo de Caixa'!J$5),'Entradas e Saídas'!$D:$D,YEAR('Fluxo de Caixa'!J$5),'Entradas e Saídas'!$F:$F,'Fluxo de Caixa'!$B18) -> 12 | ... AS18: =SUMIFS('Entradas e Saídas'!$G:$G,'Entradas e Saídas'!$E:$E,"Vendas",'Entradas e Saídas'!$C:$C,MONTH('Fluxo de Caixa'!AS$5),'Entradas e Saídas'!$D:$D,YEAR('Fluxo de Caixa'!AS$5),'Entradas e Saídas'!$F:$F,'Fluxo de Caixa'!$B18) -> 0
B19: =IF(Produtos!B11="","-",Produtos!B11) -> Brigadeiro Limão | C19: =SUMIFS('Entradas e Saídas'!$G:$G,'Entradas e Saídas'!$E:$E,"Vendas",'Entradas e Saídas'!$C:$C,MONTH('Fluxo de Caixa'!C$5),'Entradas e Saídas'!$D:$D,YEAR('Fluxo de Caixa'!C$5),'Entradas e Saídas'!$F:$F,'Fluxo de Caixa'!$B19) -> 0 | D19: =SUMIFS('Entradas e Saídas'!$G:$G,'Entradas e Saídas'!$E:$E,"Vendas",'Entradas e Saídas'!$C:$C,MONTH('Fluxo de Caixa'!D$5),'Entradas e Saídas'!$D:$D,YEAR('Fluxo de Caixa'!D$5),'Entradas e Saídas'!$F:$F,'Fluxo de Caixa'!$B19) -> 0 | E19: =SUMIFS('Entradas e Saídas'!$G:$G,'Entradas e Saídas'!$E:$E,"Vendas",'Entradas e Saídas'!$C:$C,MONTH('Fluxo de Caixa'!E$5),'Entradas e Saídas'!$D:$D,YEAR('Fluxo de Caixa'!E$5),'Entradas e Saídas'!$F:$F,'Fluxo de Caixa'!$B19) -> 0 | F19: =SUMIFS('Entradas e Saídas'!$G:$G,'Entradas e Saídas'!$E:$E,"Vendas",'Entradas e Saídas'!$C:$C,MONTH('Fluxo de Caixa'!F$5),'Entradas e Saídas'!$D:$D,YEAR('Fluxo de Caixa'!F$5),'Entradas e Saídas'!$F:$F,'Fluxo de Caixa'!$B19) -> 0 | G19: =SUMIFS('Entradas e Saídas'!$G:$G,'Entradas e Saídas'!$E:$E,"Vendas",'Entradas e Saídas'!$C:$C,MONTH('Fluxo de Caixa'!G$5),'Entradas e Saídas'!$D:$D,YEAR('Fluxo de Caixa'!G$5),'Entradas e Saídas'!$F:$F,'Fluxo de Caixa'!$B19) -> 0 | H19: =SUMIFS('Entradas e Saídas'!$G:$G,'Entradas e Saídas'!$E:$E,"Vendas",'Entradas e Saídas'!$C:$C,MONTH('Fluxo de Caixa'!H$5),'Entradas e Saídas'!$D:$D,YEAR('Fluxo de Caixa'!H$5),'Entradas e Saídas'!$F:$F,'Fluxo de Caixa'!$B19) -> 128 | I19: =SUMIFS('Entradas e Saídas'!$G:$G,'Entradas e Saídas'!$E:$E,"Vendas",'Entradas e Saídas'!$C:$C,MONTH('Fluxo de Caixa'!I$5),'Entradas e Saídas'!$D:$D,YEAR('Fluxo de Caixa'!I$5),'Entradas e Saídas'!$F:$F,'Fluxo de Caixa'!$B19) -> 83.5 | J19: =SUMIFS('Entradas e Saídas'!$G:$G,'Entradas e Saídas'!$E:$E,"Vendas",'Entradas e Saídas'!$C:$C,MONTH('Fluxo de Caixa'!J$5),'Entradas e Saídas'!$D:$D,YEAR('Fluxo de Caixa'!J$5),'Entradas e Saídas'!$F:$F,'Fluxo de Caixa'!$B19) -> 128.5 | ... AS19: =SUMIFS('Entradas e Saídas'!$G:$G,'Entradas e Saídas'!$E:$E,"Vendas",'Entradas e Saídas'!$C:$C,MONTH('Fluxo de Caixa'!AS$5),'Entradas e Saídas'!$D:$D,YEAR('Fluxo de Caixa'!AS$5),'Entradas e Saídas'!$F:$F,'Fluxo de Caixa'!$B19) -> 0
B20: =IF(Produtos!B12="","-",Produtos!B12) -> - | C20: =SUMIFS('Entradas e Saídas'!$G:$G,'Entradas e Saídas'!$E:$E,"Vendas",'Entradas e Saídas'!$C:$C,MONTH('Fluxo de Caixa'!C$5),'Entradas e Saídas'!$D:$D,YEAR('Fluxo de Caixa'!C$5),'Entradas e Saídas'!$F:$F,'Fluxo de Caixa'!$B20) -> 0 | D20: =SUMIFS('Entradas e Saídas'!$G:$G,'Entradas e Saídas'!$E:$E,"Vendas",'Entradas e Saídas'!$C:$C,MONTH('Fluxo de Caixa'!D$5),'Entradas e Saídas'!$D:$D,YEAR('Fluxo de Caixa'!D$5),'Entradas e Saídas'!$F:$F,'Fluxo de Caixa'!$B20) -> 0 | E20: =SUMIFS('Entradas e Saídas'!$G:$G,'Entradas e Saídas'!$E:$E,"Vendas",'Entradas e Saídas'!$C:$C,MONTH('Fluxo de Caixa'!E$5),'Entradas e Saídas'!$D:$D,YEAR('Fluxo de Caixa'!E$5),'Entradas e Saídas'!$F:$F,'Fluxo de Caixa'!$B20) -> 0 | F20: =SUMIFS('Entradas e Saídas'!$G:$G,'Entradas e Saídas'!$E:$E,"Vendas",'Entradas e Saídas'!$C:$C,MONTH('Fluxo de Caixa'!F$5),'Entradas e Saídas'!$D:$D,YEAR('Fluxo de Caixa'!F$5),'Entradas e Saídas'!$F:$F,'Fluxo de Caixa'!$B20) -> 0 | G20: =SUMIFS('Entradas e Saídas'!$G:$G,'Entradas e Saídas'!$E:$E,"Vendas",'Entradas e Saídas'!$C:$C,MONTH('Fluxo de Caixa'!G$5),'Entradas e Saídas'!$D:$D,YEAR('Fluxo de Caixa'!G$5),'Entradas e Saídas'!$F:$F,'Fluxo de Caixa'!$B20) -> 0 | H20: =SUMIFS('Entradas e Saídas'!$G:$G,'Entradas e Saídas'!$E:$E,"Vendas",'Entradas e Saídas'!$C:$C,MONTH('Fluxo de Caixa'!H$5),'Entradas e Saídas'!$D:$D,YEAR('Fluxo de Caixa'!H$5),'Entradas e Saídas'!$F:$F,'Fluxo de Caixa'!$B20) -> 0 | I20: =SUMIFS('Entradas e Saídas'!$G:$G,'Entradas e Saídas'!$E:$E,"Vendas",'Entradas e Saídas'!$C:$C,MONTH('Fluxo de Caixa'!I$5),'Entradas e Saídas'!$D:$D,YEAR('Fluxo de Caixa'!I$5),'Entradas e Saídas'!$F:$F,'Fluxo de Caixa'!$B20) -> 0 | J20: =SUMIFS('Entradas e Saídas'!$G:$G,'Entradas e Saídas'!$E:$E,"Vendas",'Entradas e Saídas'!$C:$C,MONTH('Fluxo de Caixa'!J$5),'Entradas e Saídas'!$D:$D,YEAR('Fluxo de Caixa'!J$5),'Entradas e Saídas'!$F:$F,'Fluxo de Caixa'!$B20) -> 0 | ... AS20: =SUMIFS('Entradas e Saídas'!$G:$G,'Entradas e Saídas'!$E:$E,"Vendas",'Entradas e Saídas'!$C:$C,MONTH('Fluxo de Caixa'!AS$5),'Entradas e Saídas'!$D:$D,YEAR('Fluxo de Caixa'!AS$5),'Entradas e Saídas'!$F:$F,'Fluxo de Caixa'!$B20) -> 0
B21: =IF(Produtos!B13="","-",Produtos!B13) -> - | C21: =SUMIFS('Entradas e Saídas'!$G:$G,'Entradas e Saídas'!$E:$E,"Vendas",'Entradas e Saídas'!$C:$C,MONTH('Fluxo de Caixa'!C$5),'Entradas e Saídas'!$D:$D,YEAR('Fluxo de Caixa'!C$5),'Entradas e Saídas'!$F:$F,'Fluxo de Caixa'!$B21) -> 0 | D21: =SUMIFS('Entradas e Saídas'!$G:$G,'Entradas e Saídas'!$E:$E,"Vendas",'Entradas e Saídas'!$C:$C,MONTH('Fluxo de Caixa'!D$5),'Entradas e Saídas'!$D:$D,YEAR('Fluxo de Caixa'!D$5),'Entradas e Saídas'!$F:$F,'Fluxo de Caixa'!$B21) -> 0 | E21: =SUMIFS('Entradas e Saídas'!$G:$G,'Entradas e Saídas'!$E:$E,"Vendas",'Entradas e Saídas'!$C:$C,MONTH('Fluxo de Caixa'!E$5),'Entradas e Saídas'!$D:$D,YEAR('Fluxo de Caixa'!E$5),'Entradas e Saídas'!$F:$F,'Fluxo de Caixa'!$B21) -> 0 | F21: =SUMIFS('Entradas e Saídas'!$G:$G,'Entradas e Saídas'!$E:$E,"Vendas",'Entradas e Saídas'!$C:$C,MONTH('Fluxo de Caixa'!F$5),'Entradas e Saídas'!$D:$D,YEAR('Fluxo de Caixa'!F$5),'Entradas e Saídas'!$F:$F,'Fluxo de Caixa'!$B21) -> 0 | G21: =SUMIFS('Entradas e Saídas'!$G:$G,'Entradas e Saídas'!$E:$E,"Vendas",'Entradas e Saídas'!$C:$C,MONTH('Fluxo de Caixa'!G$5),'Entradas e Saídas'!$D:$D,YEAR('Fluxo de Caixa'!G$5),'Entradas e Saídas'!$F:$F,'Fluxo de Caixa'!$B21) -> 0 | H21: =SUMIFS('Entradas e Saídas'!$G:$G,'Entradas e Saídas'!$E:$E,"Vendas",'Entradas e Saídas'!$C:$C,MONTH('Fluxo de Caixa'!H$5),'Entradas e Saídas'!$D:$D,YEAR('Fluxo de Caixa'!H$5),'Entradas e Saídas'!$F:$F,'Fluxo de Caixa'!$B21) -> 0 | I21: =SUMIFS('Entradas e Saídas'!$G:$G,'Entradas e Saídas'!$E:$E,"Vendas",'Entradas e Saídas'!$C:$C,MONTH('Fluxo de Caixa'!I$5),'Entradas e Saídas'!$D:$D,YEAR('Fluxo de Caixa'!I$5),'Entradas e Saídas'!$F:$F,'Fluxo de Caixa'!$B21) -> 0 | J21: =SUMIFS('Entradas e Saídas'!$G:$G,'Entradas e Saídas'!$E:$E,"Vendas",'Entradas e Saídas'!$C:$C,MONTH('Fluxo de Caixa'!J$5),'Entradas e Saídas'!$D:$D,YEAR('Fluxo de Caixa'!J$5),'Entradas e Saídas'!$F:$F,'Fluxo de Caixa'!$B21) -> 0 | ... AS21: =SUMIFS('Entradas e Saídas'!$G:$G,'Entradas e Saídas'!$E:$E,"Vendas",'Entradas e Saídas'!$C:$C,MONTH('Fluxo de Caixa'!AS$5),'Entradas e Saídas'!$D:$D,YEAR('Fluxo de Caixa'!AS$5),'Entradas e Saídas'!$F:$F,'Fluxo de Caixa'!$B21) -> 0
B22: =IF(Produtos!B14="","-",Produtos!B14) -> - | C22: =SUMIFS('Entradas e Saídas'!$G:$G,'Entradas e Saídas'!$E:$E,"Vendas",'Entradas e Saídas'!$C:$C,MONTH('Fluxo de Caixa'!C$5),'Entradas e Saídas'!$D:$D,YEAR('Fluxo de Caixa'!C$5),'Entradas e Saídas'!$F:$F,'Fluxo de Caixa'!$B22) -> 0 | D22: =SUMIFS('Entradas e Saídas'!$G:$G,'Entradas e Saídas'!$E:$E,"Vendas",'Entradas e Saídas'!$C:$C,MONTH('Fluxo de Caixa'!D$5),'Entradas e Saídas'!$D:$D,YEAR('Fluxo de Caixa'!D$5),'Entradas e Saídas'!$F:$F,'Fluxo de Caixa'!$B22) -> 0 | E22: =SUMIFS('Entradas e Saídas'!$G:$G,'Entradas e Saídas'!$E:$E,"Vendas",'Entradas e Saídas'!$C:$C,MONTH('Fluxo de Caixa'!E$5),'Entradas e Saídas'!$D:$D,YEAR('Fluxo de Caixa'!E$5),'Entradas e Saídas'!$F:$F,'Fluxo de Caixa'!$B22) -> 0 | F22: =SUMIFS('Entradas e Saídas'!$G:$G,'Entradas e Saídas'!$E:$E,"Vendas",'Entradas e Saídas'!$C:$C,MONTH('Fluxo de Caixa'!F$5),'Entradas e Saídas'!$D:$D,YEAR('Fluxo de Caixa'!F$5),'Entradas e Saídas'!$F:$F,'Fluxo de Caixa'!$B22) -> 0 | G22: =SUMIFS('Entradas e Saídas'!$G:$G,'Entradas e Saídas'!$E:$E,"Vendas",'Entradas e Saídas'!$C:$C,MONTH('Fluxo de Caixa'!G$5),'Entradas e Saídas'!$D:$D,YEAR('Fluxo de Caixa'!G$5),'Entradas e Saídas'!$F:$F,'Fluxo de Caixa'!$B22) -> 0 | H22: =SUMIFS('Entradas e Saídas'!$G:$G,'Entradas e Saídas'!$E:$E,"Vendas",'Entradas e Saídas'!$C:$C,MONTH('Fluxo de Caixa'!H$5),'Entradas e Saídas'!$D:$D,YEAR('Fluxo de Caixa'!H$5),'Entradas e Saídas'!$F:$F,'Fluxo de Caixa'!$B22) -> 0 | I22: =SUMIFS('Entradas e Saídas'!$G:$G,'Entradas e Saídas'!$E:$E,"Vendas",'Entradas e Saídas'!$C:$C,MONTH('Fluxo de Caixa'!I$5),'Entradas e Saídas'!$D:$D,YEAR('Fluxo de Caixa'!I$5),'Entradas e Saídas'!$F:$F,'Fluxo de Caixa'!$B22) -> 0 | J22: =SUMIFS('Entradas e Saídas'!$G:$G,'Entradas e Saídas'!$E:$E,"Vendas",'Entradas e Saídas'!$C:$C,MONTH('Fluxo de Caixa'!J$5),'Entradas e Saídas'!$D:$D,YEAR('Fluxo de Caixa'!J$5),'Entradas e Saídas'!$F:$F,'Fluxo de Caixa'!$B22) -> 0 | ... AS22: =SUMIFS('Entradas e Saídas'!$G:$G,'Entradas e Saídas'!$E:$E,"Vendas",'Entradas e Saídas'!$C:$C,MONTH('Fluxo de Caixa'!AS$5),'Entradas e Saídas'!$D:$D,YEAR('Fluxo de Caixa'!AS$5),'Entradas e Saídas'!$F:$F,'Fluxo de Caixa'!$B22) -> 0
B23: =IF(Produtos!B15="","-",Produtos!B15) -> - | C23: =SUMIFS('Entradas e Saídas'!$G:$G,'Entradas e Saídas'!$E:$E,"Vendas",'Entradas e Saídas'!$C:$C,MONTH('Fluxo de Caixa'!C$5),'Entradas e Saídas'!$D:$D,YEAR('Fluxo de Caixa'!C$5),'Entradas e Saídas'!$F:$F,'Fluxo de Caixa'!$B23) -> 0 | D23: =SUMIFS('Entradas e Saídas'!$G:$G,'Entradas e Saídas'!$E:$E,"Vendas",'Entradas e Saídas'!$C:$C,MONTH('Fluxo de Caixa'!D$5),'Entradas e Saídas'!$D:$D,YEAR('Fluxo de Caixa'!D$5),'Entradas e Saídas'!$F:$F,'Fluxo de Caixa'!$B23) -> 0 | E23: =SUMIFS('Entradas e Saídas'!$G:$G,'Entradas e Saídas'!$E:$E,"Vendas",'Entradas e Saídas'!$C:$C,MONTH('Fluxo de Caixa'!E$5),'Entradas e Saídas'!$D:$D,YEAR('Fluxo de Caixa'!E$5),'Entradas e Saídas'!$F:$F,'Fluxo de Caixa'!$B23) -> 0 | F23: =SUMIFS('Entradas e Saídas'!$G:$G,'Entradas e Saídas'!$E:$E,"Vendas",'Entradas e Saídas'!$C:$C,MONTH('Fluxo de Caixa'!F$5),'Entradas e Saídas'!$D:$D,YEAR('Fluxo de Caixa'!F$5),'Entradas e Saídas'!$F:$F,'Fluxo de Caixa'!$B23) -> 0 | G23: =SUMIFS('Entradas e Saídas'!$G:$G,'Entradas e Saídas'!$E:$E,"Vendas",'Entradas e Saídas'!$C:$C,MONTH('Fluxo de Caixa'!G$5),'Entradas e Saídas'!$D:$D,YEAR('Fluxo de Caixa'!G$5),'Entradas e Saídas'!$F:$F,'Fluxo de Caixa'!$B23) -> 0 | H23: =SUMIFS('Entradas e Saídas'!$G:$G,'Entradas e Saídas'!$E:$E,"Vendas",'Entradas e Saídas'!$C:$C,MONTH('Fluxo de Caixa'!H$5),'Entradas e Saídas'!$D:$D,YEAR('Fluxo de Caixa'!H$5),'Entradas e Saídas'!$F:$F,'Fluxo de Caixa'!$B23) -> 0 | I23: =SUMIFS('Entradas e Saídas'!$G:$G,'Entradas e Saídas'!$E:$E,"Vendas",'Entradas e Saídas'!$C:$C,MONTH('Fluxo de Caixa'!I$5),'Entradas e Saídas'!$D:$D,YEAR('Fluxo de Caixa'!I$5),'Entradas e Saídas'!$F:$F,'Fluxo de Caixa'!$B23) -> 0 | J23: =SUMIFS('Entradas e Saídas'!$G:$G,'Entradas e Saídas'!$E:$E,"Vendas",'Entradas e Saídas'!$C:$C,MONTH('Fluxo de Caixa'!J$5),'Entradas e Saídas'!$D:$D,YEAR('Fluxo de Caixa'!J$5),'Entradas e Saídas'!$F:$F,'Fluxo de Caixa'!$B23) -> 0 | ... AS23: =SUMIFS('Entradas e Saídas'!$G:$G,'Entradas e Saídas'!$E:$E,"Vendas",'Entradas e Saídas'!$C:$C,MONTH('Fluxo de Caixa'!AS$5),'Entradas e Saídas'!$D:$D,YEAR('Fluxo de Caixa'!AS$5),'Entradas e Saídas'!$F:$F,'Fluxo de Caixa'!$B23) -> 0
B24: =IF(Produtos!B16="","-",Produtos!B16) -> - | C24: =SUMIFS('Entradas e Saídas'!$G:$G,'Entradas e Saídas'!$E:$E,"Vendas",'Entradas e Saídas'!$C:$C,MONTH('Fluxo de Caixa'!C$5),'Entradas e Saídas'!$D:$D,YEAR('Fluxo de Caixa'!C$5),'Entradas e Saídas'!$F:$F,'Fluxo de Caixa'!$B24) -> 0 | D24: =SUMIFS('Entradas e Saídas'!$G:$G,'Entradas e Saídas'!$E:$E,"Vendas",'Entradas e Saídas'!$C:$C,MONTH('Fluxo de Caixa'!D$5),'Entradas e Saídas'!$D:$D,YEAR('Fluxo de Caixa'!D$5),'Entradas e Saídas'!$F:$F,'Fluxo de Caixa'!$B24) -> 0 | E24: =SUMIFS('Entradas e Saídas'!$G:$G,'Entradas e Saídas'!$E:$E,"Vendas",'Entradas e Saídas'!$C:$C,MONTH('Fluxo de Caixa'!E$5),'Entradas e Saídas'!$D:$D,YEAR('Fluxo de Caixa'!E$5),'Entradas e Saídas'!$F:$F,'Fluxo de Caixa'!$B24) -> 0 | F24: =SUMIFS('Entradas e Saídas'!$G:$G,'Entradas e Saídas'!$E:$E,"Vendas",'Entradas e Saídas'!$C:$C,MONTH('Fluxo de Caixa'!F$5),'Entradas e Saídas'!$D:$D,YEAR('Fluxo de Caixa'!F$5),'Entradas e Saídas'!$F:$F,'Fluxo de Caixa'!$B24) -> 0 | G24: =SUMIFS('Entradas e Saídas'!$G:$G,'Entradas e Saídas'!$E:$E,"Vendas",'Entradas e Saídas'!$C:$C,MONTH('Fluxo de Caixa'!G$5),'Entradas e Saídas'!$D:$D,YEAR('Fluxo de Caixa'!G$5),'Entradas e Saídas'!$F:$F,'Fluxo de Caixa'!$B24) -> 0 | H24: =SUMIFS('Entradas e Saídas'!$G:$G,'Entradas e Saídas'!$E:$E,"Vendas",'Entradas e Saídas'!$C:$C,MONTH('Fluxo de Caixa'!H$5),'Entradas e Saídas'!$D:$D,YEAR('Fluxo de Caixa'!H$5),'Entradas e Saídas'!$F:$F,'Fluxo de Caixa'!$B24) -> 0 | I24: =SUMIFS('Entradas e Saídas'!$G:$G,'Entradas e Saídas'!$E:$E,"Vendas",'Entradas e Saídas'!$C:$C,MONTH('Fluxo de Caixa'!I$5),'Entradas e Saídas'!$D:$D,YEAR('Fluxo de Caixa'!I$5),'Entradas e Saídas'!$F:$F,'Fluxo de Caixa'!$B24) -> 0 | J24: =SUMIFS('Entradas e Saídas'!$G:$G,'Entradas e Saídas'!$E:$E,"Vendas",'Entradas e Saídas'!$C:$C,MONTH('Fluxo de Caixa'!J$5),'Entradas e Saídas'!$D:$D,YEAR('Fluxo de Caixa'!J$5),'Entradas e Saídas'!$F:$F,'Fluxo de Caixa'!$B24) -> 0 | ... AS24: =SUMIFS('Entradas e Saídas'!$G:$G,'Entradas e Saídas'!$E:$E,"Vendas",'Entradas e Saídas'!$C:$C,MONTH('Fluxo de Caixa'!AS$5),'Entradas e Saídas'!$D:$D,YEAR('Fluxo de Caixa'!AS$5),'Entradas e Saídas'!$F:$F,'Fluxo de Caixa'!$B24) -> 0
B25: =IF(Produtos!B17="","-",Produtos!B17) -> - | C25: =SUMIFS('Entradas e Saídas'!$G:$G,'Entradas e Saídas'!$E:$E,"Vendas",'Entradas e Saídas'!$C:$C,MONTH('Fluxo de Caixa'!C$5),'Entradas e Saídas'!$D:$D,YEAR('Fluxo de Caixa'!C$5),'Entradas e Saídas'!$F:$F,'Fluxo de Caixa'!$B25) -> 0 | D25: =SUMIFS('Entradas e Saídas'!$G:$G,'Entradas e Saídas'!$E:$E,"Vendas",'Entradas e Saídas'!$C:$C,MONTH('Fluxo de Caixa'!D$5),'Entradas e Saídas'!$D:$D,YEAR('Fluxo de Caixa'!D$5),'Entradas e Saídas'!$F:$F,'Fluxo de Caixa'!$B25) -> 0 | E25: =SUMIFS('Entradas e Saídas'!$G:$G,'Entradas e Saídas'!$E:$E,"Vendas",'Entradas e Saídas'!$C:$C,MONTH('Fluxo de Caixa'!E$5),'Entradas e Saídas'!$D:$D,YEAR('Fluxo de Caixa'!E$5),'Entradas e Saídas'!$F:$F,'Fluxo de Caixa'!$B25) -> 0 | F25: =SUMIFS('Entradas e Saídas'!$G:$G,'Entradas e Saídas'!$E:$E,"Vendas",'Entradas e Saídas'!$C:$C,MONTH('Fluxo de Caixa'!F$5),'Entradas e Saídas'!$D:$D,YEAR('Fluxo de Caixa'!F$5),'Entradas e Saídas'!$F:$F,'Fluxo de Caixa'!$B25) -> 0 | G25: =SUMIFS('Entradas e Saídas'!$G:$G,'Entradas e Saídas'!$E:$E,"Vendas",'Entradas e Saídas'!$C:$C,MONTH('Fluxo de Caixa'!G$5),'Entradas e Saídas'!$D:$D,YEAR('Fluxo de Caixa'!G$5),'Entradas e Saídas'!$F:$F,'Fluxo de Caixa'!$B25) -> 0 | H25: =SUMIFS('Entradas e Saídas'!$G:$G,'Entradas e Saídas'!$E:$E,"Vendas",'Entradas e Saídas'!$C:$C,MONTH('Fluxo de Caixa'!H$5),'Entradas e Saídas'!$D:$D,YEAR('Fluxo de Caixa'!H$5),'Entradas e Saídas'!$F:$F,'Fluxo de Caixa'!$B25) -> 0 | I25: =SUMIFS('Entradas e Saídas'!$G:$G,'Entradas e Saídas'!$E:$E,"Vendas",'Entradas e Saídas'!$C:$C,MONTH('Fluxo de Caixa'!I$5),'Entradas e Saídas'!$D:$D,YEAR('Fluxo de Caixa'!I$5),'Entradas e Saídas'!$F:$F,'Fluxo de Caixa'!$B25) -> 0 | J25: =SUMIFS('Entradas e Saídas'!$G:$G,'Entradas e Saídas'!$E:$E,"Vendas",'Entradas e Saídas'!$C:$C,MONTH('Fluxo de Caixa'!J$5),'Entradas e Saídas'!$D:$D,YEAR('Fluxo de Caixa'!J$5),'Entradas e Saídas'!$F:$F,'Fluxo de Caixa'!$B25) -> 0 | ... AS25: =SUMIFS('Entradas e Saídas'!$G:$G,'Entradas e Saídas'!$E:$E,"Vendas",'Entradas e Saídas'!$C:$C,MONTH('Fluxo de Caixa'!AS$5),'Entradas e Saídas'!$D:$D,YEAR('Fluxo de Caixa'!AS$5),'Entradas e Saídas'!$F:$F,'Fluxo de Caixa'!$B25) -> 0
B27: Fluxo | C27: =SUM(C6:C12) -> -207.2 | D27: =SUM(D6:D12) -> 294.71 | E27: =SUM(E6:E12) -> 74.396 | F27: =SUM(F6:F12) -> 504.83 | G27: =SUM(G6:G12) -> 197.07 | H27: =SUM(H6:H12) -> 838.6 | I27: =SUM(I6:I12) -> 1026.51 | J27: =SUM(J6:J12) -> 697.2625 | ... AS27: =SUM(AS6:AS12) -> 0
B28: Fluxo Acumulado | C28: =C27 -> -207.2 | D28: =C28+D27 -> 87.51 | E28: =D28+E27 -> 161.906 | F28: =E28+F27 -> 666.736 | G28: =F28+G27 -> 863.806 | H28: =G28+H27 -> 1702.406 | I28: =H28+I27 -> 2728.916 | J28: =I28+J27 -> 3426.1785 | K28: =J28+K27 -> 4545.7445 | ... AS28: =AR28+AS27 -> 12520.224

Sheet Produção
B2: Produção
B4: Produção em gramas
C5: 44166 | D5: 44197 | E5: 44228 | F5: 44256 | G5: 44287 | H5: 44317 | I5: 44348 | J5: 44378 | K5: 44409 | L5: 44440 | M5: 44470 | N5: 44501 | O5: 44531 | P5: 44562 | Q5: 44593 | R5: 44621 | S5: 44652 | T5: 44682 | U5: 44713 | V5: 44743 | W5: 44774 | X5: 44805 | Y5: 44835 | Z5: 44866 | AA5: 44896 | AB5: 44927 | AC5: 44958 | AD5: 44986 | AE5: 45017 | AF5: 45047 | AG5: 45078 | AH5: 45108 | AI5: 45139 | AJ5: 45170 | AK5: 45200 | AL5: 45231 | AM5: 45261 | AN5: 45292 | AO5: 45323 | AP5: 45352 | AQ5: 45383 | AR5: 45413 | AS5: 45444
B6: =IF(Produtos!B5="","-",Produtos!B5) -> Brigadeiro Chocolate | C6: 2000 | AT6: =SUM(C6:AS6) -> 2000
B7: =IF(Produtos!B6="","-",Produtos!B6) -> Brigadeiro Coco | C7: 1000 | AT7: =SUM(C7:AS7) -> 1000
B8: =IF(Produtos!B7="","-",Produtos!B7) -> Brigadeiro Café | C8: 1000 | AT8: =SUM(C8:AS8) -> 1000
B9: =IF(Produtos!B8="","-",Produtos!B8) -> Brigadeiro Nozes | C9: 1000 | AT9: =SUM(C9:AS9) -> 1000
B10: =IF(Produtos!B9="","-",Produtos!B9) -> Brigadeiro Churros | C10: 1000 | AT10: =SUM(C10:AS10) -> 1000
B11: =IF(Produtos!B10="","-",Produtos!B10) -> Brigadeiro Paçoca | C11: 1000 | AT11: =SUM(C11:AS11) -> 1000
B12: =IF(Produtos!B11="","-",Produtos!B11) -> Brigadeiro Limão | C12: 1000 | AT12: =SUM(C12:AS12) -> 1000
B13: =IF(Produtos!B12="","-",Produtos!B12) -> - | AT13: =SUM(C13:AS13) -> 0
B14: =IF(Produtos!B13="","-",Produtos!B13) -> - | AT14: =SUM(C14:AS14) -> 0
B15: =IF(Produtos!B14="","-",Produtos!B14) -> - | AT15: =SUM(C15:AS15) -> 0
B16: =IF(Produtos!B15="","-",Produtos!B15) -> - | AT16: =SUM(C16:AS16) -> 0
B17: =IF(Produtos!B16="","-",Produtos!B16) -> - | AT17: =SUM(C17:AS17) -> 0
B18: =IF(Produtos!B17="","-",Produtos!B17) -> - | AT18: =SUM(C18:AS18) -> 0
B19: =IF(Produtos!B18="","-",Produtos!B18) -> - | AT19: =SUM(C19:AS19) -> 0

Sheet Estoque
B2: Estoque
B4: Materiais | C4: Un. | D4: Total Comprado | E4: Total Utilizado | F4: Estoque Atual
B5: =IFERROR(Tabela2[[#This Row],[Materiais]],"-") -> Açucar cristal | C5: =IFERROR(VLOOKUP(B5,Materiais!B:C,2,0),"-") -> g | D5: =IFERROR(SUMIFS('Entradas e Saídas'!H:H,'Entradas e Saídas'!F:F,Estoque!B5),"-") -> 5000 | E5: =SUMIFS(Produtos!F:F,Produtos!D:D,Estoque!B5)+SUMIFS(Produtos!J:J,Produtos!H:H,Estoque!B5)+SUMIFS(Produtos!N:N,Produtos!L:L,Estoque!B5)+SUMIFS(Produtos!R:R,Produtos!P:P,Estoque!B5)+SUMIFS(Produtos!V:V,Produtos!T:T,Estoque!B5)+SUMIFS(Produtos!Z:Z,Produtos!X:X,Estoque!B5)+SUMIFS(Produtos!AD:AD,Produtos!AB:AB,Estoque!B5) -> 350.90909 | F5: =D5-E5 -> 4649.0909
B6: =IFERROR(Tabela2[[#This Row],[Materiais]],"-") -> Amendoim moído | C6: =IFERROR(VLOOKUP(B6,Materiais!B:C,2,0),"-") -> g | D6: =IFERROR(SUMIFS('Entradas e Saídas'!H:H,'Entradas e Saídas'!F:F,Estoque!B6),"-") -> 3246 | E6: =SUMIFS(Produtos!F:F,Produtos!D:D,Estoque!B6)+SUMIFS(Produtos!J:J,Produtos!H:H,Estoque!B6)+SUMIFS(Produtos!N:N,Produtos!L:L,Estoque!B6)+SUMIFS(Produtos!R:R,Produtos!P:P,Estoque!B6)+SUMIFS(Produtos!V:V,Produtos!T:T,Estoque!B6)+SUMIFS(Produtos!Z:Z,Produtos!X:X,Estoque!B6)+SUMIFS(Produtos!AD:AD,Produtos!AB:AB,Estoque!B6) -> 100 | F6: =D6-E6 -> 3146
B7: =IFERROR(Tabela2[[#This Row],[Materiais]],"-") -> Amendoim picado | C7: =IFERROR(VLOOKUP(B7,Materiais!B:C,2,0),"-") -> g | D7: =IFERROR(SUMIFS('Entradas e Saídas'!H:H,'Entradas e Saídas'!F:F,Estoque!B7),"-") -> 461 | E7: =SUMIFS(Produtos!F:F,Produtos!D:D,Estoque!B7)+SUMIFS(Produtos!J:J,Produtos!H:H,Estoque!B7)+SUMIFS(Produtos!N:N,Produtos!L:L,Estoque!B7)+SUMIFS(Produtos!R:R,Produtos!P:P,Estoque!B7)+SUMIFS(Produtos!V:V,Produtos!T:T,Estoque!B7)+SUMIFS(Produtos!Z:Z,Produtos!X:X,Estoque!B7)+SUMIFS(Produtos!AD:AD,Produtos!AB:AB,Estoque!B7) -> 100 | F7: =D7-E7 -> 361
B8: =IFERROR(Tabela2[[#This Row],[Materiais]],"-") -> Barra chocolate amargo SICAO | C8: =IFERROR(VLOOKUP(B8,Materiais!B:C,2,0),"-") -> g | D8: =IFERROR(SUMIFS('Entradas e Saídas'!H:H,'Entradas e Saídas'!F:F,Estoque!B8),"-") -> 3210 | E8: =SUMIFS(Produtos!F:F,Produtos!D:D,Estoque!B8)+SUMIFS(Produtos!J:J,Produtos!H:H,Estoque!B8)+SUMIFS(Produtos!N:N,Produtos!L:L,Estoque!B8)+SUMIFS(Produtos!R:R,Produtos!P:P,Estoque!B8)+SUMIFS(Produtos!V:V,Produtos!T:T,Estoque!B8)+SUMIFS(Produtos!Z:Z,Produtos!X:X,Estoque!B8)+SUMIFS(Produtos!AD:AD,Produtos!AB:AB,Estoque!B8) -> 786.66667 | F8: =D8-E8 -> 2423.3333
B9: =IFERROR(Tabela2[[#This Row],[Materiais]],"-") -> Barra chocolate branco SICAO | C9: =IFERROR(VLOOKUP(B9,Materiais!B:C,2,0),"-") -> g | D9: =IFERROR(SUMIFS('Entradas e Saídas'!H:H,'Entradas e Saídas'!F:F,Estoque!B9),"-") -> 2050 | E9: =SUMIFS(Produtos!F:F,Produtos!D:D,Estoque!B9)+SUMIFS(Produtos!J:J,Produtos!H:H,Estoque!B9)+SUMIFS(Produtos!N:N,Produtos!L:L,Estoque!B9)+SUMIFS(Produtos!R:R,Produtos!P:P,Estoque!B9)+SUMIFS(Produtos!V:V,Produtos!T:T,Estoque!B9)+SUMIFS(Produtos!Z:Z,Produtos!X:X,Estoque!B9)+SUMIFS(Produtos!AD:AD,Produtos!AB:AB,Estoque!B9) -> 127.27273 | F9: =D9-E9 -> 1922.7273
B10: =IFERROR(Tabela2[[#This Row],[Materiais]],"-") -> Cacau em pó | C10: =IFERROR(VLOOKUP(B10,Materiais!B:C,2,0),"-") -> g | D10: =IFERROR(SUMIFS('Entradas e Saídas'!H:H,'Entradas e Saídas'!F:F,Estoque!B10),"-") -> 1005 | E10: =SUMIFS(Produtos!F:F,Produtos!D:D,Estoque!B10)+SUMIFS(Produtos!J:J,Produtos!H:H,Estoque!B10)+SUMIFS(Produtos!N:N,Produtos!L:L,Estoque!B10)+SUMIFS(Produtos!R:R,Produtos!P:P,Estoque!B10)+SUMIFS(Produtos!V:V,Produtos!T:T,Estoque!B10)+SUMIFS(Produtos!Z:Z,Produtos!X:X,Estoque!B10)+SUMIFS(Produtos!AD:AD,Produtos!AB:AB,Estoque!B10) -> 20 | F10: =D10-E10 -> 985
B11: =IFERROR(Tabela2[[#This Row],[Materiais]],"-") -> Café soluvel | C11: =IFERROR(VLOOKUP(B11,Materiais!B:C,2,0),"-") -> g | D11: =IFERROR(SUMIFS('Entradas e Saídas'!H:H,'Entradas e Saídas'!F:F,Estoque!B11),"-") -> 0 | E11: =SUMIFS(Produtos!F:F,Produtos!D:D,Estoque!B11)+SUMIFS(Produtos!J:J,Produtos!H:H,Estoque!B11)+SUMIFS(Produtos!N:N,Produtos!L:L,Estoque!B11)+SUMIFS(Produtos!R:R,Produtos!P:P,Estoque!B11)+SUMIFS(Produtos!V:V,Produtos!T:T,Estoque!B11)+SUMIFS(Produtos!Z:Z,Produtos!X:X,Estoque!B11)+SUMIFS(Produtos!AD:AD,Produtos!AB:AB,Estoque!B11) -> 10 | F11: =D11-E11 -> -10
B12: =IFERROR(Tabela2[[#This Row],[Materiais]],"-") -> Canela | C12: =IFERROR(VLOOKUP(B12,Materiais!B:C,2,0),"-") -> g | D12: =IFERROR(SUMIFS('Entradas e Saídas'!H:H,'Entradas e Saídas'!F:F,Estoque!B12),"-") -> 185 | E12: =SUMIFS(Produtos!F:F,Produtos!D:D,Estoque!B12)+SUMIFS(Produtos!J:J,Produtos!H:H,Estoque!B12)+SUMIFS(Produtos!N:N,Produtos!L:L,Estoque!B12)+SUMIFS(Produtos!R:R,Produtos!P:P,Estoque!B12)+SUMIFS(Produtos!V:V,Produtos!T:T,Estoque!B12)+SUMIFS(Produtos!Z:Z,Produtos!X:X,Estoque!B12)+SUMIFS(Produtos!AD:AD,Produtos!AB:AB,Estoque!B12) -> 4 | F12: =D12-E12 -> 181
B13: =IFERROR(Tabela2[[#This Row],[Materiais]],"-") -> Chocolate em pó | C13: =IFERROR(VLOOKUP(B13,Materiais!B:C,2,0),"-") -> g | D13: =IFERROR(SUMIFS('Entradas e Saídas'!H:H,'Entradas e Saídas'!F:F,Estoque!B13),"-") -> 600 | E13: =SUMIFS(Produtos!F:F,Produtos!D:D,Estoque!B13)+SUMIFS(Produtos!J:J,Produtos!H:H,Estoque!B13)+SUMIFS(Produtos!N:N,Produtos!L:L,Estoque!B13)+SUMIFS(Produtos!R:R,Produtos!P:P,Estoque!B13)+SUMIFS(Produtos!V:V,Produtos!T:T,Estoque!B13)+SUMIFS(Produtos!Z:Z,Produtos!X:X,Estoque!B13)+SUMIFS(Produtos!AD:AD,Produtos!AB:AB,Estoque!B13) -> 30 | F13: =D13-E13 -> 570
B14: =IFERROR(Tabela2[[#This Row],[Materiais]],"-") -> Côco ralado fino | C14: =IFERROR(VLOOKUP(B14,Materiais!B:C,2,0),"-") -> g | D14: =IFERROR(SUMIFS('Entradas e Saídas'!H:H,'Entradas e Saídas'!F:F,Estoque!B14),"-") -> 1946 | E14: =SUMIFS(Produtos!F:F,Produtos!D:D,Estoque!B14)+SUMIFS(Produtos!J:J,Produtos!H:H,Estoque!B14)+SUMIFS(Produtos!N:N,Produtos!L:L,Estoque!B14)+SUMIFS(Produtos!R:R,Produtos!P:P,Estoque!B14)+SUMIFS(Produtos!V:V,Produtos!T:T,Estoque!B14)+SUMIFS(Produtos!Z:Z,Produtos!X:X,Estoque!B14)+SUMIFS(Produtos!AD:AD,Produtos!AB:AB,Estoque!B14) -> 90.909091 | F14: =D14-E14 -> 1855.0909
B15: =IFERROR(Tabela2[[#This Row],[Materiais]],"-") -> Côco ralado grosso | C15: =IFERROR(VLOOKUP(B15,Materiais!B:C,2,0),"-") -> g | D15: =IFERROR(SUMIFS('Entradas e Saídas'!H:H,'Entradas e Saídas'!F:F,Estoque!B15),"-") -> 2725.5 | E15: =SUMIFS(Produtos!F:F,Produtos!D:D,Estoque!B15)+SUMIFS(Produtos!J:J,Produtos!H:H,Estoque!B15)+SUMIFS(Produtos!N:N,Produtos!L:L,Estoque!B15)+SUMIFS(Produtos!R:R,Produtos!P:P,Estoque!B15)+SUMIFS(Produtos!V:V,Produtos!T:T,Estoque!B15)+SUMIFS(Produtos!Z:Z,Produtos!X:X,Estoque!B15)+SUMIFS(Produtos!AD:AD,Produtos!AB:AB,Estoque!B15) -> 109.09091 | F15: =D15-E15 -> 2616.4091
B16: =IFERROR(Tabela2[[#This Row],[Materiais]],"-") -> Creme de leite | C16: =IFERROR(VLOOKUP(B16,Materiais!B:C,2,0),"-") -> g | D16: =IFERROR(SUMIFS('Entradas e Saídas'!H:H,'Entradas e Saídas'!F:F,Estoque!B16),"-") -> 6200 | E16: =SUMIFS(Produtos!F:F,Produtos!D:D,Estoque!B16)+SUMIFS(Produtos!J:J,Produtos!H:H,Estoque!B16)+SUMIFS(Produtos!N:N,Produtos!L:L,Estoque!B16)+SUMIFS(Produtos!R:R,Produtos!P:P,Estoque!B16)+SUMIFS(Produtos!V:V,Produtos!T:T,Estoque!B16)+SUMIFS(Produtos!Z:Z,Produtos!X:X,Estoque!B16)+SUMIFS(Produtos!AD:AD,Produtos!AB:AB,Estoque!B16) -> 357.57576 | F16: =D16-E16 -> 5842.4242
... B72: =IFERROR(Tabela2[[#This Row],[Materiais]],"-") -> - | C72: =IFERROR(VLOOKUP(B72,Materiais!B:C,2,0),"-") -> - | D72: =IFERROR(SUMIFS('Entradas e Saídas'!H:H,'Entradas e Saídas'!F:F,Estoque!B72),"-") -> 0 | E72: =SUMIFS(Produtos!F:F,Produtos!D:D,Estoque!B72)+SUMIFS(Produtos!J:J,Produtos!H:H,Estoque!B72)+SUMIFS(Produtos!N:N,Produtos!L:L,Estoque!B72)+SUMIFS(Produtos!R:R,Produtos!P:P,Estoque!B72)+SUMIFS(Produtos!V:V,Produtos!T:T,Estoque!B72)+SUMIFS(Produtos!Z:Z,Produtos!X:X,Estoque!B72)+SUMIFS(Produtos!AD:AD,Produtos!AB:AB,Estoque!B72) -> 0 | F72: =D72-E72 -> 0
B73: =IFERROR(Tabela2[[#This Row],[Materiais]],"-") -> - | C73: =IFERROR(VLOOKUP(B73,Materiais!B:C,2,0),"-") -> - | D73: =IFERROR(SUMIFS('Entradas e Saídas'!H:H,'Entradas e Saídas'!F:F,Estoque!B73),"-") -> 0 | E73: =SUMIFS(Produtos!F:F,Produtos!D:D,Estoque!B73)+SUMIFS(Produtos!J:J,Produtos!H:H,Estoque!B73)+SUMIFS(Produtos!N:N,Produtos!L:L,Estoque!B73)+SUMIFS(Produtos!R:R,Produtos!P:P,Estoque!B73)+SUMIFS(Produtos!V:V,Produtos!T:T,Estoque!B73)+SUMIFS(Produtos!Z:Z,Produtos!X:X,Estoque!B73)+SUMIFS(Produtos!AD:AD,Produtos!AB:AB,Estoque!B73) -> 0 | F73: =D73-E73 -> 0 | G73: =F73/395 -> 0
B74: =IFERROR(Tabela2[[#This Row],[Materiais]],"-") -> - | C74: =IFERROR(VLOOKUP(B74,Materiais!B:C,2,0),"-") -> - | D74: =IFERROR(SUMIFS('Entradas e Saídas'!H:H,'Entradas e Saídas'!F:F,Estoque!B74),"-") -> 0 | E74: =SUMIFS(Produtos!F:F,Produtos!D:D,Estoque!B74)+SUMIFS(Produtos!J:J,Produtos!H:H,Estoque!B74)+SUMIFS(Produtos!N:N,Produtos!L:L,Estoque!B74)+SUMIFS(Produtos!R:R,Produtos!P:P,Estoque!B74)+SUMIFS(Produtos!V:V,Produtos!T:T,Estoque!B74)+SUMIFS(Produtos!Z:Z,Produtos!X:X,Estoque!B74)+SUMIFS(Produtos!AD:AD,Produtos!AB:AB,Estoque!B74) -> 0 | F74: =D74-E74 -> 0
B75: =IFERROR(Tabela2[[#This Row],[Materiais]],"-") -> - | C75: =IFERROR(VLOOKUP(B75,Materiais!B:C,2,0),"-") -> - | D75: =IFERROR(SUMIFS('Entradas e Saídas'!H:H,'Entradas e Saídas'!F:F,Estoque!B75),"-") -> 0 | E75: =SUMIFS(Produtos!F:F,Produtos!D:D,Estoque!B75)+SUMIFS(Produtos!J:J,Produtos!H:H,Estoque!B75)+SUMIFS(Produtos!N:N,Produtos!L:L,Estoque!B75)+SUMIFS(Produtos!R:R,Produtos!P:P,Estoque!B75)+SUMIFS(Produtos!V:V,Produtos!T:T,Estoque!B75)+SUMIFS(Produtos!Z:Z,Produtos!X:X,Estoque!B75)+SUMIFS(Produtos!AD:AD,Produtos!AB:AB,Estoque!B75) -> 0 | F75: =D75-E75 -> 0
B76: =IFERROR(Tabela2[[#This Row],[Materiais]],"-") -> - | C76: =IFERROR(VLOOKUP(B76,Materiais!B:C,2,0),"-") -> - | D76: =IFERROR(SUMIFS('Entradas e Saídas'!H:H,'Entradas e Saídas'!F:F,Estoque!B76),"-") -> 0 | E76: =SUMIFS(Produtos!F:F,Produtos!D:D,Estoque!B76)+SUMIFS(Produtos!J:J,Produtos!H:H,Estoque!B76)+SUMIFS(Produtos!N:N,Produtos!L:L,Estoque!B76)+SUMIFS(Produtos!R:R,Produtos!P:P,Estoque!B76)+SUMIFS(Produtos!V:V,Produtos!T:T,Estoque!B76)+SUMIFS(Produtos!Z:Z,Produtos!X:X,Estoque!B76)+SUMIFS(Produtos!AD:AD,Produtos!AB:AB,Estoque!B76) -> 0 | F76: =D76-E76 -> 0
B77: =IFERROR(Tabela2[[#This Row],[Materiais]],"-") -> - | C77: =IFERROR(VLOOKUP(B77,Materiais!B:C,2,0),"-") -> - | D77: =IFERROR(SUMIFS('Entradas e Saídas'!H:H,'Entradas e Saídas'!F:F,Estoque!B77),"-") -> 0 | E77: =SUMIFS(Produtos!F:F,Produtos!D:D,Estoque!B77)+SUMIFS(Produtos!J:J,Produtos!H:H,Estoque!B77)+SUMIFS(Produtos!N:N,Produtos!L:L,Estoque!B77)+SUMIFS(Produtos!R:R,Produtos!P:P,Estoque!B77)+SUMIFS(Produtos!V:V,Produtos!T:T,Estoque!B77)+SUMIFS(Produtos!Z:Z,Produtos!X:X,Estoque!B77)+SUMIFS(Produtos!AD:AD,Produtos!AB:AB,Estoque!B77) -> 0 | F77: =D77-E77 -> 0
B78: =IFERROR(Tabela2[[#This Row],[Materiais]],"-") -> - | C78: =IFERROR(VLOOKUP(B78,Materiais!B:C,2,0),"-") -> - | D78: =IFERROR(SUMIFS('Entradas e Saídas'!H:H,'Entradas e Saídas'!F:F,Estoque!B78),"-") -> 0 | E78: =SUMIFS(Produtos!F:F,Produtos!D:D,Estoque!B78)+SUMIFS(Produtos!J:J,Produtos!H:H,Estoque!B78)+SUMIFS(Produtos!N:N,Produtos!L:L,Estoque!B78)+SUMIFS(Produtos!R:R,Produtos!P:P,Estoque!B78)+SUMIFS(Produtos!V:V,Produtos!T:T,Estoque!B78)+SUMIFS(Produtos!Z:Z,Produtos!X:X,Estoque!B78)+SUMIFS(Produtos!AD:AD,Produtos!AB:AB,Estoque!B78) -> 0 | F78: =D78-E78 -> 0
B79: =IFERROR(Tabela2[[#This Row],[Materiais]],"-") -> - | C79: =IFERROR(VLOOKUP(B79,Materiais!B:C,2,0),"-") -> - | D79: =IFERROR(SUMIFS('Entradas e Saídas'!H:H,'Entradas e Saídas'!F:F,Estoque!B79),"-") -> 0 | E79: =SUMIFS(Produtos!F:F,Produtos!D:D,Estoque!B79)+SUMIFS(Produtos!J:J,Produtos!H:H,Estoque!B79)+SUMIFS(Produtos!N:N,Produtos!L:L,Estoque!B79)+SUMIFS(Produtos!R:R,Produtos!P:P,Estoque!B79)+SUMIFS(Produtos!V:V,Produtos!T:T,Estoque!B79)+SUMIFS(Produtos!Z:Z,Produtos!X:X,Estoque!B79)+SUMIFS(Produtos!AD:AD,Produtos!AB:AB,Estoque!B79) -> 0 | F79: =D79-E79 -> 0
B80: =IFERROR(Tabela2[[#This Row],[Materiais]],"-") -> - | C80: =IFERROR(VLOOKUP(B80,Materiais!B:C,2,0),"-") -> - | D80: =IFERROR(SUMIFS('Entradas e Saídas'!H:H,'Entradas e Saídas'!F:F,Estoque!B80),"-") -> 0 | E80: =SUMIFS(Produtos!F:F,Produtos!D:D,Estoque!B80)+SUMIFS(Produtos!J:J,Produtos!H:H,Estoque!B80)+SUMIFS(Produtos!N:N,Produtos!L:L,Estoque!B80)+SUMIFS(Produtos!R:R,Produtos!P:P,Estoque!B80)+SUMIFS(Produtos!V:V,Produtos!T:T,Estoque!B80)+SUMIFS(Produtos!Z:Z,Produtos!X:X,Estoque!B80)+SUMIFS(Produtos!AD:AD,Produtos!AB:AB,Estoque!B80) -> 0 | F80: =D80-E80 -> 0
B81: =IFERROR(Tabela2[[#This Row],[Materiais]],"-") -> - | C81: =IFERROR(VLOOKUP(B81,Materiais!B:C,2,0),"-") -> - | D81: =IFERROR(SUMIFS('Entradas e Saídas'!H:H,'Entradas e Saídas'!F:F,Estoque!B81),"-") -> 0 | E81: =SUMIFS(Produtos!F:F,Produtos!D:D,Estoque!B81)+SUMIFS(Produtos!J:J,Produtos!H:H,Estoque!B81)+SUMIFS(Produtos!N:N,Produtos!L:L,Estoque!B81)+SUMIFS(Produtos!R:R,Produtos!P:P,Estoque!B81)+SUMIFS(Produtos!V:V,Produtos!T:T,Estoque!B81)+SUMIFS(Produtos!Z:Z,Produtos!X:X,Estoque!B81)+SUMIFS(Produtos!AD:AD,Produtos!AB:AB,Estoque!B81) -> 0 | F81: =D81-E81 -> 0
B82: =IFERROR(Tabela2[[#This Row],[Materiais]],"-") -> - | C82: =IFERROR(VLOOKUP(B82,Materiais!B:C,2,0),"-") -> - | D82: =IFERROR(SUMIFS('Entradas e Saídas'!H:H,'Entradas e Saídas'!F:F,Estoque!B82),"-") -> 0 | E82: =SUMIFS(Produtos!F:F,Produtos!D:D,Estoque!B82)+SUMIFS(Produtos!J:J,Produtos!H:H,Estoque!B82)+SUMIFS(Produtos!N:N,Produtos!L:L,Estoque!B82)+SUMIFS(Produtos!R:R,Produtos!P:P,Estoque!B82)+SUMIFS(Produtos!V:V,Produtos!T:T,Estoque!B82)+SUMIFS(Produtos!Z:Z,Produtos!X:X,Estoque!B82)+SUMIFS(Produtos!AD:AD,Produtos!AB:AB,Estoque!B82) -> 0 | F82: =D82-E82 -> 0
B83: =IFERROR(Tabela2[[#This Row],[Materiais]],"-") -> - | C83: =IFERROR(VLOOKUP(B83,Materiais!B:C,2,0),"-") -> - | D83: =IFERROR(SUMIFS('Entradas e Saídas'!H:H,'Entradas e Saídas'!F:F,Estoque!B83),"-") -> 0 | E83: =SUMIFS(Produtos!F:F,Produtos!D:D,Estoque!B83)+SUMIFS(Produtos!J:J,Produtos!H:H,Estoque!B83)+SUMIFS(Produtos!N:N,Produtos!L:L,Estoque!B83)+SUMIFS(Produtos!R:R,Produtos!P:P,Estoque!B83)+SUMIFS(Produtos!V:V,Produtos!T:T,Estoque!B83)+SUMIFS(Produtos!Z:Z,Produtos!X:X,Estoque!B83)+SUMIFS(Produtos!AD:AD,Produtos!AB:AB,Estoque!B83) -> 0 | F83: =D83-E83 -> 0
B84: =IFERROR(Tabela2[[#This Row],[Materiais]],"-") -> - | C84: =IFERROR(VLOOKUP(B84,Materiais!B:C,2,0),"-") -> - | D84: =IFERROR(SUMIFS('Entradas e Saídas'!H:H,'Entradas e Saídas'!F:F,Estoque!B84),"-") -> 0 | E84: =SUMIFS(Produtos!F:F,Produtos!D:D,Estoque!B84)+SUMIFS(Produtos!J:J,Produtos!H:H,Estoque!B84)+SUMIFS(Produtos!N:N,Produtos!L:L,Estoque!B84)+SUMIFS(Produtos!R:R,Produtos!P:P,Estoque!B84)+SUMIFS(Produtos!V:V,Produtos!T:T,Estoque!B84)+SUMIFS(Produtos!Z:Z,Produtos!X:X,Estoque!B84)+SUMIFS(Produtos!AD:AD,Produtos!AB:AB,Estoque!B84) -> 0 | F84: =D84-E84 -> 0
B85: =IFERROR(Tabela2[[#This Row],[Materiais]],"-") -> - | C85: =IFERROR(VLOOKUP(B85,Materiais!B:C,2,0),"-") -> - | D85: =IFERROR(SUMIFS('Entradas e Saídas'!H:H,'Entradas e Saídas'!F:F,Estoque!B85),"-") -> 0 | E85: =SUMIFS(Produtos!F:F,Produtos!D:D,Estoque!B85)+SUMIFS(Produtos!J:J,Produtos!H:H,Estoque!B85)+SUMIFS(Produtos!N:N,Produtos!L:L,Estoque!B85)+SUMIFS(Produtos!R:R,Produtos!P:P,Estoque!B85)+SUMIFS(Produtos!V:V,Produtos!T:T,Estoque!B85)+SUMIFS(Produtos!Z:Z,Produtos!X:X,Estoque!B85)+SUMIFS(Produtos!AD:AD,Produtos!AB:AB,Estoque!B85) -> 0 | F85: =D85-E85 -> 0
... B106: =IFERROR(Tabela2[[#This Row],[Materiais]],"-") -> - | C106: =IFERROR(VLOOKUP(B106,Materiais!B:C,2,0),"-") -> - | D106: =IFERROR(SUMIFS('Entradas e Saídas'!H:H,'Entradas e Saídas'!F:F,Estoque!B106),"-") -> 0 | E106: =SUMIFS(Produtos!F:F,Produtos!D:D,Estoque!B106)+SUMIFS(Produtos!J:J,Produtos!H:H,Estoque!B106)+SUMIFS(Produtos!N:N,Produtos!L:L,Estoque!B106)+SUMIFS(Produtos!R:R,Produtos!P:P,Estoque!B106)+SUMIFS(Produtos!V:V,Produtos!T:T,Estoque!B106)+SUMIFS(Produtos!Z:Z,Produtos!X:X,Estoque!B106)+SUMIFS(Produtos!AD:AD,Produtos!AB:AB,Estoque!B106) -> 0 | F106: =D106-E106 -> 0
B111: *Vasilha retangular de tampa rosa | D111: 25g
B112: Vasilha redonda pequena | D112: 32g
