Workbook
Name Administrativo: Tabela3[Administrativo]
Name Aprovadores: [1]!Tabela2510[Aprovador Compra]
Name Aprovadores: [1]!Tabela2510[Aprovador Compra]
Name Categorias: Tabela8[Categorias]
Name Equipamentos: Tabela5[Equipamentos]
Name Fornecedores: #REF!
Name Fornecedores: [1]!Tabela1[Fornecedor]
Name Funcionarios: [1]!Tabela29[Responsável Compra]
Name Funcionarios: [1]!Tabela29[Responsável Compra]
Name Materiais: Tabela1[Materiais]
Name Operacional: Tabela4[Operacional]
Name Pessoal: Tabela2[Pessoal]
Name Produtos: [1]!Tabela313[Produto]
Name Produtos: [1]!Tabela313[Produto]
Name Responsaveis: [1]!Tabela2510[Aprovador Compra]
Name Responsaveis: [1]!Tabela2510[Aprovador Compra]

Sheet Sobre a Hashtag

Sheet Instruções
B1: Planilha de Orçamento - Instruções

Sheet Cadastros
B1: Cadastros
A2: Materiais | B2: Pessoal | C2: Administrativo | D2: Operacional | E2: Equipamentos
A3: Cimento 50KG | B3: Pintor | C3: Energia | D3: Transporte materiais | E3: Luvas
A4: Areia m³ | B4: Pedreiro | C4: Água | D4: Transporte pessoal | E4: Capacetes
A5: Piso 80x80 polido | B5: Ajudante Pedreiro | C5: Papel | E5: Furadeira
A6: Piso 70x70 esmaltado | B6: Eletricista | C6: Impostos
A7: Argamassa
A8: Tinta acrílica 18l
A9: Massa corrida 18l
A10: Verniz 500ml
A11: Rolo de lã alto
A12: Rolo de esponja

Sheet Planejamento
C1: Planejamento
A2: Mês | B2: Data | C2: Categoria | D2: Item | E2: Situação | F2: Quantidade | G2: Valor Unitário | H2: Valor Total | I2: Observação
A3: =MONTH(Tabela9[[#This Row],[Data]]) -> 1 | B3: 44564 | C3: Materiais | D3: Cimento 50KG | E3: Realizado | F3: 20 | G3: 35 | H3: =Tabela9[[#This Row],[Quantidade]]*Tabela9[[#This Row],[Valor Unitário]] -> 700
A4: =MONTH(Tabela9[[#This Row],[Data]]) -> 1 | B4: 44570 | C4: Materiais | D4: Piso 80x80 polido | E4: Realizado | F4: 5 | G4: 90 | H4: =Tabela9[[#This Row],[Quantidade]]*Tabela9[[#This Row],[Valor Unitário]] -> 450
A5: =MONTH(Tabela9[[#This Row],[Data]]) -> 1 | B5: 44574 | C5: Administrativo | D5: Energia | E5: Realizado | F5: 1 | G5: 200 | H5: =Tabela9[[#This Row],[Quantidade]]*Tabela9[[#This Row],[Valor Unitário]] -> 200 | I5: Ref jan/22
A6: =MONTH(Tabela9[[#This Row],[Data]]) -> 1 | B6: 44579 | C6: Pessoal | D6: Pedreiro | E6: Realizado | F6: 2 | G6: 200 | H6: =Tabela9[[#This Row],[Quantidade]]*Tabela9[[#This Row],[Valor Unitário]] -> 400 | I6: 2 Diárias
A7: =MONTH(Tabela9[[#This Row],[Data]]) -> 1 | B7: 44583 | C7: Operacional | D7: Transporte pessoal | E7: Planejado | F7: 3 | G7: 5 | H7: =Tabela9[[#This Row],[Quantidade]]*Tabela9[[#This Row],[Valor Unitário]] -> 15
A8: =MONTH(Tabela9[[#This Row],[Data]]) -> 2 | B8: 44596 | C8: Materiais | D8: Rolo de esponja | E8: Planejado | F8: 2 | G8: 3 | H8: =Tabela9[[#This Row],[Quantidade]]*Tabela9[[#This Row],[Valor Unitário]] -> 6
A9: =MONTH(Tabela9[[#This Row],[Data]]) -> 2 | B9: 44598 | C9: Materiais | D9: Areia m³ | E9: Planejado | F9: 1 | G9: 115 | H9: =Tabela9[[#This Row],[Quantidade]]*Tabela9[[#This Row],[Valor Unitário]] -> 115
A10: =MONTH(Tabela9[[#This Row],[Data]]) -> 2 | B10: 44603 | C10: Equipamentos | D10: Capacetes | E10: Planejado | F10: 2 | G10: 30 | H10: =Tabela9[[#This Row],[Quantidade]]*Tabela9[[#This Row],[Valor Unitário]] -> 60
A11: =MONTH(Tabela9[[#This Row],[Data]]) -> 2 | B11: 44605 | C11: Materiais | D11: Areia m³ | E11: Realizado | F11: 2 | G11: 110 | H11: =Tabela9[[#This Row],[Quantidade]]*Tabela9[[#This Row],[Valor Unitário]] -> 220
A12: =MONTH(Tabela9[[#This Row],[Data]]) -> 2 | B12: 44605 | C12: Equipamentos | D12: Luvas | E12: Planejado | F12: 20 | G12: 1 | H12: =Tabela9[[#This Row],[Quantidade]]*Tabela9[[#This Row],[Valor Unitário]] -> 20
A13: =MONTH(Tabela9[[#This Row],[Data]]) -> 3 | B13: 44629 | C13: Materiais | D13: Rolo de lã alto | E13: Realizado | F13: 2 | G13: 16 | H13: =Tabela9[[#This Row],[Quantidade]]*Tabela9[[#This Row],[Valor Unitário]] -> 32
A14: =MONTH(Tabela9[[#This Row],[Data]]) -> 3 | B14: 44635 | C14: Pessoal | D14: Ajudante Pedreiro | E14: Planejado | F14: 2 | G14: 100 | H14: =Tabela9[[#This Row],[Quantidade]]*Tabela9[[#This Row],[Valor Unitário]] -> 200
A15: =MONTH(Tabela9[[#This Row],[Data]]) -> 3 | B15: 44640 | C15: Administrativo | D15: Água | E15: Planejado | F15: 1 | G15: 100 | H15: =Tabela9[[#This Row],[Quantidade]]*Tabela9[[#This Row],[Valor Unitário]] -> 100
A16: =MONTH(Tabela9[[#This Row],[Data]]) -> 3 | B16: 44651 | C16: Materiais | D16: Tinta acrílica 18l | E16: Planejado | F16: 2 | G16: 320 | H16: =Tabela9[[#This Row],[Quantidade]]*Tabela9[[#This Row],[Valor Unitário]] -> 640
A17: =MONTH(Tabela9[[#This Row],[Data]]) -> 4 | B17: 44657 | C17: Materiais | D17: Piso 70x70 esmaltado | E17: Planejado | F17: 5 | G17: 70 | H17: =Tabela9[[#This Row],[Quantidade]]*Tabela9[[#This Row],[Valor Unitário]] -> 350
A18: =MONTH(Tabela9[[#This Row],[Data]]) -> 4 | B18: 44662 | C18: Pessoal | D18: Pintor | E18: Planejado | F18: 2 | G18: 180 | H18: =Tabela9[[#This Row],[Quantidade]]*Tabela9[[#This Row],[Valor Unitário]] -> 360
A19: =MONTH(Tabela9[[#This Row],[Data]]) -> 5 | B19: 44684 | C19: Materiais | D19: Cimento 50KG | E19: Realizado | F19: 15 | G19: 36 | H19: =Tabela9[[#This Row],[Quantidade]]*Tabela9[[#This Row],[Valor Unitário]] -> 540 | I19: MarcaX
A20: =MONTH(Tabela9[[#This Row],[Data]]) -> 5 | B20: 44697 | C20: Operacional | D20: Transporte pessoal | E20: Planejado | F20: 5 | G20: 5 | H20: =Tabela9[[#This Row],[Quantidade]]*Tabela9[[#This Row],[Valor Unitário]] -> 25
A21: =MONTH(Tabela9[[#This Row],[Data]]) -> 6 | B21: 44715 | C21: Materiais | D21: Cimento 50KG | E21: Realizado | F21: 20 | G21: 35 | H21: =Tabela9[[#This Row],[Quantidade]]*Tabela9[[#This Row],[Valor Unitário]] -> 700
A22: =MONTH(Tabela9[[#This Row],[Data]]) -> 6 | B22: 44715 | C22: Materiais | D22: Cimento 50KG | E22: Realizado | F22: 15 | G22: 36 | H22: =Tabela9[[#This Row],[Quantidade]]*Tabela9[[#This Row],[Valor Unitário]] -> 540
A23: =MONTH(Tabela9[[#This Row],[Data]]) -> 7 | B23: 44751 | C23: Materiais | D23: Piso 80x80 polido | E23: Realizado | F23: 5 | G23: 90 | H23: =Tabela9[[#This Row],[Quantidade]]*Tabela9[[#This Row],[Valor Unitário]] -> 450
A24: =MONTH(Tabela9[[#This Row],[Data]]) -> 7 | B24: 44755 | C24: Administrativo | D24: Energia | E24: Realizado | F24: 1 | G24: 200 | H24: =Tabela9[[#This Row],[Quantidade]]*Tabela9[[#This Row],[Valor Unitário]] -> 200
A25: =MONTH(Tabela9[[#This Row],[Data]]) -> 8 | B25: 44789 | C25: Operacional | D25: Transporte pessoal | E25: Planejado | F25: 5 | G25: 5 | H25: =Tabela9[[#This Row],[Quantidade]]*Tabela9[[#This Row],[Valor Unitário]] -> 25
A26: =MONTH(Tabela9[[#This Row],[Data]]) -> 8 | B26: 44791 | C26: Pessoal | D26: Pedreiro | E26: Realizado | F26: 2 | G26: 200 | H26: =Tabela9[[#This Row],[Quantidade]]*Tabela9[[#This Row],[Valor Unitário]] -> 400
A27: =MONTH(Tabela9[[#This Row],[Data]]) -> 8 | B27: 44804 | C27: Materiais | D27: Tinta acrílica 18l | E27: Planejado | F27: 2 | G27: 320 | H27: =Tabela9[[#This Row],[Quantidade]]*Tabela9[[#This Row],[Valor Unitário]] -> 640
A28: =MONTH(Tabela9[[#This Row],[Data]]) -> 9 | B28: 44808 | C28: Materiais | D28: Rolo de esponja | E28: Planejado | F28: 2 | G28: 3 | H28: =Tabela9[[#This Row],[Quantidade]]*Tabela9[[#This Row],[Valor Unitário]] -> 6
A29: =MONTH(Tabela9[[#This Row],[Data]]) -> 9 | B29: 44815 | C29: Pessoal | D29: Pintor | E29: Planejado | F29: 2 | G29: 180 | H29: =Tabela9[[#This Row],[Quantidade]]*Tabela9[[#This Row],[Valor Unitário]] -> 360
A30: =MONTH(Tabela9[[#This Row],[Data]]) -> 9 | B30: 44826 | C30: Operacional | D30: Transporte pessoal | E30: Planejado | F30: 3 | G30: 5 | H30: =Tabela9[[#This Row],[Quantidade]]*Tabela9[[#This Row],[Valor Unitário]] -> 15
A31: =MONTH(Tabela9[[#This Row],[Data]]) -> 10 | B31: 44840 | C31: Materiais | D31: Piso 70x70 esmaltado | E31: Planejado | F31: 5 | G31: 70 | H31: =Tabela9[[#This Row],[Quantidade]]*Tabela9[[#This Row],[Valor Unitário]] -> 350
... A38: =MONTH(Tabela9[[#This Row],[Data]]) -> 12 | B38: 44908 | C38: Equipamentos | D38: Luvas | E38: Planejado | F38: 20 | G38: 1 | H38: =Tabela9[[#This Row],[Quantidade]]*Tabela9[[#This Row],[Valor Unitário]] -> 20
A39: =MONTH(Tabela9[[#This Row],[Data]]) -> 12 | B39: 44910 | C39: Materiais | H39: =Tabela9[[#This Row],[Quantidade]]*Tabela9[[#This Row],[Valor Unitário]] -> 0

Sheet Cálculos Orçamento
A1: 5 | B1: Ano todo | C1: Detalhe mês | G1: Materiais | H1: Pessoal | I1: Administrativo | J1: Operacional | K1: Equipamentos | N1: Categorias
A2: Materiais | B2: =SUMIFS(Planejamento!H:H,Planejamento!C:C,'Cálculos Orçamento'!A2) -> 6106 | C2: =SUMIFS(Planejamento!H:H,Planejamento!C:C,'Cálculos Orçamento'!A2,Planejamento!A:A,'Cálculos Orçamento'!$A$1) -> 540 | E2: 1 | F2: Janeiro | G2: =SUMIFS(Planejamento!$H:$H,Planejamento!$A:$A,'Cálculos Orçamento'!$E2,Planejamento!$C:$C,'Cálculos Orçamento'!G$1) -> 1150 | H2: =SUMIFS(Planejamento!$H:$H,Planejamento!$A:$A,'Cálculos Orçamento'!$E2,Planejamento!$C:$C,'Cálculos Orçamento'!H$1) -> 400 | I2: =SUMIFS(Planejamento!$H:$H,Planejamento!$A:$A,'Cálculos Orçamento'!$E2,Planejamento!$C:$C,'Cálculos Orçamento'!I$1) -> 200 | J2: =SUMIFS(Planejamento!$H:$H,Planejamento!$A:$A,'Cálculos Orçamento'!$E2,Planejamento!$C:$C,'Cálculos Orçamento'!J$1) -> 15 | K2: =SUMIFS(Planejamento!$H:$H,Planejamento!$A:$A,'Cálculos Orçamento'!$E2,Planejamento!$C:$C,'Cálculos Orçamento'!K$1) -> 0 | N2: Materiais
A3: Pessoal | B3: =SUMIFS(Planejamento!H:H,Planejamento!C:C,'Cálculos Orçamento'!A3) -> 1920 | C3: =SUMIFS(Planejamento!H:H,Planejamento!C:C,'Cálculos Orçamento'!A3,Planejamento!A:A,'Cálculos Orçamento'!$A$1) -> 0 | E3: 2 | F3: Fevereiro | G3: =SUMIFS(Planejamento!$H:$H,Planejamento!$A:$A,'Cálculos Orçamento'!$E3,Planejamento!$C:$C,'Cálculos Orçamento'!G$1) -> 341 | H3: =SUMIFS(Planejamento!$H:$H,Planejamento!$A:$A,'Cálculos Orçamento'!$E3,Planejamento!$C:$C,'Cálculos Orçamento'!H$1) -> 0 | I3: =SUMIFS(Planejamento!$H:$H,Planejamento!$A:$A,'Cálculos Orçamento'!$E3,Planejamento!$C:$C,'Cálculos Orçamento'!I$1) -> 0 | J3: =SUMIFS(Planejamento!$H:$H,Planejamento!$A:$A,'Cálculos Orçamento'!$E3,Planejamento!$C:$C,'Cálculos Orçamento'!J$1) -> 0 | K3: =SUMIFS(Planejamento!$H:$H,Planejamento!$A:$A,'Cálculos Orçamento'!$E3,Planejamento!$C:$C,'Cálculos Orçamento'!K$1) -> 80 | N3: Pessoal
A4: Administrativo | B4: =SUMIFS(Planejamento!H:H,Planejamento!C:C,'Cálculos Orçamento'!A4) -> 600 | C4: =SUMIFS(Planejamento!H:H,Planejamento!C:C,'Cálculos Orçamento'!A4,Planejamento!A:A,'Cálculos Orçamento'!$A$1) -> 0 | E4: 3 | F4: Março | G4: =SUMIFS(Planejamento!$H:$H,Planejamento!$A:$A,'Cálculos Orçamento'!$E4,Planejamento!$C:$C,'Cálculos Orçamento'!G$1) -> 672 | H4: =SUMIFS(Planejamento!$H:$H,Planejamento!$A:$A,'Cálculos Orçamento'!$E4,Planejamento!$C:$C,'Cálculos Orçamento'!H$1) -> 200 | I4: =SUMIFS(Planejamento!$H:$H,Planejamento!$A:$A,'Cálculos Orçamento'!$E4,Planejamento!$C:$C,'Cálculos Orçamento'!I$1) -> 100 | J4: =SUMIFS(Planejamento!$H:$H,Planejamento!$A:$A,'Cálculos Orçamento'!$E4,Planejamento!$C:$C,'Cálculos Orçamento'!J$1) -> 0 | K4: =SUMIFS(Planejamento!$H:$H,Planejamento!$A:$A,'Cálculos Orçamento'!$E4,Planejamento!$C:$C,'Cálculos Orçamento'!K$1) -> 0 | N4: Administrativo
A5: Operacional | B5: =SUMIFS(Planejamento!H:H,Planejamento!C:C,'Cálculos Orçamento'!A5) -> 80 | C5: =SUMIFS(Planejamento!H:H,Planejamento!C:C,'Cálculos Orçamento'!A5,Planejamento!A:A,'Cálculos Orçamento'!$A$1) -> 25 | E5: 4 | F5: Abril | G5: =SUMIFS(Planejamento!$H:$H,Planejamento!$A:$A,'Cálculos Orçamento'!$E5,Planejamento!$C:$C,'Cálculos Orçamento'!G$1) -> 350 | H5: =SUMIFS(Planejamento!$H:$H,Planejamento!$A:$A,'Cálculos Orçamento'!$E5,Planejamento!$C:$C,'Cálculos Orçamento'!H$1) -> 360 | I5: =SUMIFS(Planejamento!$H:$H,Planejamento!$A:$A,'Cálculos Orçamento'!$E5,Planejamento!$C:$C,'Cálculos Orçamento'!I$1) -> 0 | J5: =SUMIFS(Planejamento!$H:$H,Planejamento!$A:$A,'Cálculos Orçamento'!$E5,Planejamento!$C:$C,'Cálculos Orçamento'!J$1) -> 0 | K5: =SUMIFS(Planejamento!$H:$H,Planejamento!$A:$A,'Cálculos Orçamento'!$E5,Planejamento!$C:$C,'Cálculos Orçamento'!K$1) -> 0 | N5: Operacional
A6: Equipamentos | B6: =SUMIFS(Planejamento!H:H,Planejamento!C:C,'Cálculos Orçamento'!A6) -> 160 | C6: =SUMIFS(Planejamento!H:H,Planejamento!C:C,'Cálculos Orçamento'!A6,Planejamento!A:A,'Cálculos Orçamento'!$A$1) -> 0 | E6: 5 | F6: Maio | G6: =SUMIFS(Planejamento!$H:$H,Planejamento!$A:$A,'Cálculos Orçamento'!$E6,Planejamento!$C:$C,'Cálculos Orçamento'!G$1) -> 540 | H6: =SUMIFS(Planejamento!$H:$H,Planejamento!$A:$A,'Cálculos Orçamento'!$E6,Planejamento!$C:$C,'Cálculos Orçamento'!H$1) -> 0 | I6: =SUMIFS(Planejamento!$H:$H,Planejamento!$A:$A,'Cálculos Orçamento'!$E6,Planejamento!$C:$C,'Cálculos Orçamento'!I$1) -> 0 | J6: =SUMIFS(Planejamento!$H:$H,Planejamento!$A:$A,'Cálculos Orçamento'!$E6,Planejamento!$C:$C,'Cálculos Orçamento'!J$1) -> 25 | K6: =SUMIFS(Planejamento!$H:$H,Planejamento!$A:$A,'Cálculos Orçamento'!$E6,Planejamento!$C:$C,'Cálculos Orçamento'!K$1) -> 0 | N6: Equipamentos
E7: 6 | F7: Junho | G7: =SUMIFS(Planejamento!$H:$H,Planejamento!$A:$A,'Cálculos Orçamento'!$E7,Planejamento!$C:$C,'Cálculos Orçamento'!G$1) -> 1240 | H7: =SUMIFS(Planejamento!$H:$H,Planejamento!$A:$A,'Cálculos Orçamento'!$E7,Planejamento!$C:$C,'Cálculos Orçamento'!H$1) -> 0 | I7: =SUMIFS(Planejamento!$H:$H,Planejamento!$A:$A,'Cálculos Orçamento'!$E7,Planejamento!$C:$C,'Cálculos Orçamento'!I$1) -> 0 | J7: =SUMIFS(Planejamento!$H:$H,Planejamento!$A:$A,'Cálculos Orçamento'!$E7,Planejamento!$C:$C,'Cálculos Orçamento'!J$1) -> 0 | K7: =SUMIFS(Planejamento!$H:$H,Planejamento!$A:$A,'Cálculos Orçamento'!$E7,Planejamento!$C:$C,'Cálculos Orçamento'!K$1) -> 0
E8: 7 | F8: Julho | G8: =SUMIFS(Planejamento!$H:$H,Planejamento!$A:$A,'Cálculos Orçamento'!$E8,Planejamento!$C:$C,'Cálculos Orçamento'!G$1) -> 450 | H8: =SUMIFS(Planejamento!$H:$H,Planejamento!$A:$A,'Cálculos Orçamento'!$E8,Planejamento!$C:$C,'Cálculos Orçamento'!H$1) -> 0 | I8: =SUMIFS(Planejamento!$H:$H,Planejamento!$A:$A,'Cálculos Orçamento'!$E8,Planejamento!$C:$C,'Cálculos Orçamento'!I$1) -> 200 | J8: =SUMIFS(Planejamento!$H:$H,Planejamento!$A:$A,'Cálculos Orçamento'!$E8,Planejamento!$C:$C,'Cálculos Orçamento'!J$1) -> 0 | K8: =SUMIFS(Planejamento!$H:$H,Planejamento!$A:$A,'Cálculos Orçamento'!$E8,Planejamento!$C:$C,'Cálculos Orçamento'!K$1) -> 0
E9: 8 | F9: Agosto | G9: =SUMIFS(Planejamento!$H:$H,Planejamento!$A:$A,'Cálculos Orçamento'!$E9,Planejamento!$C:$C,'Cálculos Orçamento'!G$1) -> 640 | H9: =SUMIFS(Planejamento!$H:$H,Planejamento!$A:$A,'Cálculos Orçamento'!$E9,Planejamento!$C:$C,'Cálculos Orçamento'!H$1) -> 400 | I9: =SUMIFS(Planejamento!$H:$H,Planejamento!$A:$A,'Cálculos Orçamento'!$E9,Planejamento!$C:$C,'Cálculos Orçamento'!I$1) -> 0 | J9: =SUMIFS(Planejamento!$H:$H,Planejamento!$A:$A,'Cálculos Orçamento'!$E9,Planejamento!$C:$C,'Cálculos Orçamento'!J$1) -> 25 | K9: =SUMIFS(Planejamento!$H:$H,Planejamento!$A:$A,'Cálculos Orçamento'!$E9,Planejamento!$C:$C,'Cálculos Orçamento'!K$1) -> 0
E10: 9 | F10: Setembro | G10: =SUMIFS(Planejamento!$H:$H,Planejamento!$A:$A,'Cálculos Orçamento'!$E10,Planejamento!$C:$C,'Cálculos Orçamento'!G$1) -> 6 | H10: =SUMIFS(Planejamento!$H:$H,Planejamento!$A:$A,'Cálculos Orçamento'!$E10,Planejamento!$C:$C,'Cálculos Orçamento'!H$1) -> 360 | I10: =SUMIFS(Planejamento!$H:$H,Planejamento!$A:$A,'Cálculos Orçamento'!$E10,Planejamento!$C:$C,'Cálculos Orçamento'!I$1) -> 0 | J10: =SUMIFS(Planejamento!$H:$H,Planejamento!$A:$A,'Cálculos Orçamento'!$E10,Planejamento!$C:$C,'Cálculos Orçamento'!J$1) -> 15 | K10: =SUMIFS(Planejamento!$H:$H,Planejamento!$A:$A,'Cálculos Orçamento'!$E10,Planejamento!$C:$C,'Cálculos Orçamento'!K$1) -> 0
E11: 10 | F11: Outubro | G11: =SUMIFS(Planejamento!$H:$H,Planejamento!$A:$A,'Cálculos Orçamento'!$E11,Planejamento!$C:$C,'Cálculos Orçamento'!G$1) -> 465 | H11: =SUMIFS(Planejamento!$H:$H,Planejamento!$A:$A,'Cálculos Orçamento'!$E11,Planejamento!$C:$C,'Cálculos Orçamento'!H$1) -> 0 | I11: =SUMIFS(Planejamento!$H:$H,Planejamento!$A:$A,'Cálculos Orçamento'!$E11,Planejamento!$C:$C,'Cálculos Orçamento'!I$1) -> 100 | J11: =SUMIFS(Planejamento!$H:$H,Planejamento!$A:$A,'Cálculos Orçamento'!$E11,Planejamento!$C:$C,'Cálculos Orçamento'!J$1) -> 0 | K11: =SUMIFS(Planejamento!$H:$H,Planejamento!$A:$A,'Cálculos Orçamento'!$E11,Planejamento!$C:$C,'Cálculos Orçamento'!K$1) -> 0
E12: 11 | F12: Novembro | G12: =SUMIFS(Planejamento!$H:$H,Planejamento!$A:$A,'Cálculos Orçamento'!$E12,Planejamento!$C:$C,'Cálculos Orçamento'!G$1) -> 220 | H12: =SUMIFS(Planejamento!$H:$H,Planejamento!$A:$A,'Cálculos Orçamento'!$E12,Planejamento!$C:$C,'Cálculos Orçamento'!H$1) -> 200 | I12: =SUMIFS(Planejamento!$H:$H,Planejamento!$A:$A,'Cálculos Orçamento'!$E12,Planejamento!$C:$C,'Cálculos Orçamento'!I$1) -> 0 | J12: =SUMIFS(Planejamento!$H:$H,Planejamento!$A:$A,'Cálculos Orçamento'!$E12,Planejamento!$C:$C,'Cálculos Orçamento'!J$1) -> 0 | K12: =SUMIFS(Planejamento!$H:$H,Planejamento!$A:$A,'Cálculos Orçamento'!$E12,Planejamento!$C:$C,'Cálculos Orçamento'!K$1) -> 60
E13: 12 | F13: Dezembro | G13: =SUMIFS(Planejamento!$H:$H,Planejamento!$A:$A,'Cálculos Orçamento'!$E13,Planejamento!$C:$C,'Cálculos Orçamento'!G$1) -> 32 | H13: =SUMIFS(Planejamento!$H:$H,Planejamento!$A:$A,'Cálculos Orçamento'!$E13,Planejamento!$C:$C,'Cálculos Orçamento'!H$1) -> 0 | I13: =SUMIFS(Planejamento!$H:$H,Planejamento!$A:$A,'Cálculos Orçamento'!$E13,Planejamento!$C:$C,'Cálculos Orçamento'!I$1) -> 0 | J13: =SUMIFS(Planejamento!$H:$H,Planejamento!$A:$A,'Cálculos Orçamento'!$E13,Planejamento!$C:$C,'Cálculos Orçamento'!J$1) -> 0 | K13: =SUMIFS(Planejamento!$H:$H,Planejamento!$A:$A,'Cálculos Orçamento'!$E13,Planejamento!$C:$C,'Cálculos Orçamento'!K$1) -> 20
E15: Planejado | F15: =SUMIFS(Planejamento!H:H,Planejamento!E:E,'Cálculos Orçamento'!E15) -> 3782
E16: Realizado | F16: =SUMIFS(Planejamento!H:H,Planejamento!E:E,'Cálculos Orçamento'!E16) -> 5084

Sheet Dashboard Orçamento
C1: Dashboard Orçamentário
