Workbook
Name NativeTimeline_Data: #N/A

Sheet Análises
A1: Rótulos de Linha | B1: Soma de Total Manutenção | E1: Rótulos de Linha | F1: Soma de Distância (Km) | I1: Rótulos de Linha | J1: Contagem de Motivo defeito | M1: Soma de Combustível | P1: Soma de Orçamento | S1: Rótulos de Linha | T1: Contagem de No Prazo? | W1: Rótulos de Linha
A2: ABC1D34 | B2: 10200 | E2: Eduardo | F2: 160 | I2: Batida | J2: 1 | M2: 3000 | P2: 19000 | S2: Sim | T2: 0.66666667 | W2: 45666 | Y2: =COUNTIFS(W:W,"<"&TODAY()) -> 0
A3: CDE1F23 | B3: 8400 | E3: Eliza | F3: 160 | I3: Problema na instalação | J3: 1 | S3: Não | T3: 0.33333333 | W3: 46227
A4: DDD1D11 | B4: 400 | E4: Diego | F4: 160 | I4: Ação da natureza | J4: 1 | W4: 47466
A5: Total Geral | B5: 19000 | E5: Roberto | F5: 240 | I5: Desgaste prematuro | J5: 1 | W5: 48398
E6: Total Geral | F6: 720 | I6: Total Geral | J6: 4 | W6: (vazio)

Sheet Cadastro
D1: Cadastros
E3: Nº | F3: Motorista | G3: CNH vence em | H3: Celular | J3: Nº | K3: Motivo Defeito | M3: Nº | N3: Tipo Veículo
E4: 1 | F4: Roberto | G4: 46227 | H4: 21111111111 | J4: 1 | K4: Falta de manutenção | M4: 1 | N4: Van
E5: 2 | F5: Eduardo | G5: 47466 | H5: 11222222222 | J5: 2 | K5: Batida | M5: 2 | N5: Caminhão
E6: 3 | F6: Eliza | G6: 48398 | H6: 31333333333 | J6: 3 | K6: Imprudência motorista | M6: 3 | N6: Veículo Passeio
E7: 4 | F7: Diego | G7: 45666 | H7: 41444444444 | J7: 4 | K7: Desgaste prematuro
J8: 5 | K8: Problema na instalação
J9: 6 | K9: Problema na manutenção
J10: 7 | K10: Ação da natureza

Sheet Veículos
D1: Veículos
E3: Nº | F3: Tipo | G3: Placa | H3: Ano Fabricação | I3: Cor | J3: Rodagem Aquisição (Km) | K3: Rodagem Atual (Km) | L3: Carga Máxima (Kg) | M3: Total Manutenção
E4: 1 | F4: Caminhão | G4: ABC1D34 | H4: 2020 | I4: Branco | J4: 40000 | K4: =Tabela4[[#This Row],[Rodagem Aquisição (Km)]]+SUMIFS(Rotas!J:J,Rotas!F:F,Tabela4[[#This Row],[Placa]]) -> 40400 | L4: 12000 | M4: =SUMIFS(Manutenção!O:O,Manutenção!F:F,Tabela4[[#This Row],[Placa]]) -> 10200
E5: 2 | F5: Van | G5: CDE1F23 | H5: 2021 | I5: Prata | J5: 50500 | K5: =Tabela4[[#This Row],[Rodagem Aquisição (Km)]]+SUMIFS(Rotas!J:J,Rotas!F:F,Tabela4[[#This Row],[Placa]]) -> 50660 | L5: 4000 | M5: =SUMIFS(Manutenção!O:O,Manutenção!F:F,Tabela4[[#This Row],[Placa]]) -> 8400
E6: 3 | F6: Caminhão | G6: DDD1D11 | H6: 2021 | I6: Prata | J6: 50500 | K6: =Tabela4[[#This Row],[Rodagem Aquisição (Km)]]+SUMIFS(Rotas!J:J,Rotas!F:F,Tabela4[[#This Row],[Placa]]) -> 50660 | L6: 10000 | M6: =SUMIFS(Manutenção!O:O,Manutenção!F:F,Tabela4[[#This Row],[Placa]]) -> 400
E7: 4 | K7: =Tabela4[[#This Row],[Rodagem Aquisição (Km)]]+SUMIFS(Rotas!J:J,Rotas!F:F,Tabela4[[#This Row],[Placa]]) -> 0 | M7: =SUMIFS(Manutenção!O:O,Manutenção!F:F,Tabela4[[#This Row],[Placa]]) -> 0
E8: 5 | K8: =Tabela4[[#This Row],[Rodagem Aquisição (Km)]]+SUMIFS(Rotas!J:J,Rotas!F:F,Tabela4[[#This Row],[Placa]]) -> 0 | M8: =SUMIFS(Manutenção!O:O,Manutenção!F:F,Tabela4[[#This Row],[Placa]]) -> 0
E9: 6 | K9: =Tabela4[[#This Row],[Rodagem Aquisição (Km)]]+SUMIFS(Rotas!J:J,Rotas!F:F,Tabela4[[#This Row],[Placa]]) -> 0 | M9: =SUMIFS(Manutenção!O:O,Manutenção!F:F,Tabela4[[#This Row],[Placa]]) -> 0
E10: 7 | K10: =Tabela4[[#This Row],[Rodagem Aquisição (Km)]]+SUMIFS(Rotas!J:J,Rotas!F:F,Tabela4[[#This Row],[Placa]]) -> 0 | M10: =SUMIFS(Manutenção!O:O,Manutenção!F:F,Tabela4[[#This Row],[Placa]]) -> 0
E11: 8 | K11: =Tabela4[[#This Row],[Rodagem Aquisição (Km)]]+SUMIFS(Rotas!J:J,Rotas!F:F,Tabela4[[#This Row],[Placa]]) -> 0 | M11: =SUMIFS(Manutenção!O:O,Manutenção!F:F,Tabela4[[#This Row],[Placa]]) -> 0
E12: 9 | K12: =Tabela4[[#This Row],[Rodagem Aquisição (Km)]]+SUMIFS(Rotas!J:J,Rotas!F:F,Tabela4[[#This Row],[Placa]]) -> 0 | M12: =SUMIFS(Manutenção!O:O,Manutenção!F:F,Tabela4[[#This Row],[Placa]]) -> 0
E13: 10 | K13: =Tabela4[[#This Row],[Rodagem Aquisição (Km)]]+SUMIFS(Rotas!J:J,Rotas!F:F,Tabela4[[#This Row],[Placa]]) -> 0 | M13: =SUMIFS(Manutenção!O:O,Manutenção!F:F,Tabela4[[#This Row],[Placa]]) -> 0

Sheet Rotas
D1: Rotas
E3: Data | F3: Veículo | G3: Motorista | H3: Origem | I3: Destino | J3: Distância (Km) | K3: Peso Carga (Kg) | L3: Receitas | M3: Combustível | N3: Pedágio | O3: Outros | P3: No Prazo?
E4: 45086 | F4: ABC1D34 | G4: Roberto | H4: Nova Iguaçu - RJ | I4: Itaboraí - RJ | J4: 80 | K4: 7000 | L4: 2000 | M4: 300 | N4: 6 | O4: 50 | P4: Sim
E5: 46183 | F5: ABC1D34 | G5: Roberto | H5: Nova Iguaçu - RJ | I5: Itaboraí - RJ | J5: 80 | K5: 8000 | L5: 2500 | M5: 320 | N5: 6 | O5: 60 | P5: Sim
E6: 46184 | F6: ABC1D34 | G6: Eduardo | H6: Nova Iguaçu - RJ | I6: Itaboraí - RJ | J6: 80 | K6: 7000 | L6: 2000 | M6: 300 | N6: 6 | O6: 60 | P6: Sim
E7: 46185 | F7: ABC1D34 | G7: Eliza | H7: Nova Iguaçu - RJ | I7: Itaboraí - RJ | J7: 80 | K7: 7000 | L7: 1500 | M7: 300 | N7: 6 | O7: 70 | P7: Não
E8: 46186 | F8: ABC1D34 | G8: Diego | H8: Nova Iguaçu - RJ | I8: Itaboraí - RJ | J8: 80 | K8: 6000 | L8: 1000 | M8: 300 | N8: 6 | O8: 60 | P8: Não
E9: 46187 | F9: CDE1F23 | G9: Roberto | H9: Nova Iguaçu - RJ | I9: Itaboraí - RJ | J9: 80 | K9: 10000 | L9: 3000 | M9: 400 | N9: 6 | O9: 50 | P9: Sim
E10: 46188 | F10: CDE1F23 | G10: Diego | H10: Nova Iguaçu - RJ | I10: Itaboraí - RJ | J10: 80 | K10: 9000 | L10: 2900 | M10: 380 | N10: 6 | O10: 100 | P10: Sim
E11: 46189 | F11: DDD1D11 | G11: Eliza | H11: Nova Iguaçu - RJ | I11: Itaboraí - RJ | J11: 80 | K11: 10000 | L11: 3500 | M11: 400 | N11: 6 | O11: 50 | P11: Não
E12: 46190 | F12: DDD1D11 | G12: Eduardo | H12: Nova Iguaçu - RJ | I12: Itaboraí - RJ | J12: 80 | K12: 4000 | L12: 500 | M12: 300 | N12: 6 | O12: 50 | P12: Sim

Sheet Manutenção
D1: Manutenção
E3: Data | F3: Veículo | G3: Iluminação | H3: Elétrica | I3: Motor | J3: Embreagem | K3: Freios | L3: Lataria | M3: Vidros | N3: Pneus | O3: Orçamento | P3: Motivo defeito | Q3: Obs
E4: 45086 | F4: CDE1F23 | G4: Aprovado | H4: Aprovado | I4: Aprovado | J4: Aprovado | K4: Aprovado | L4: Reprovado | M4: Aprovado | N4: Aprovado | O4: 5000 | P4: Batida | Q4: Parachoque
E5: 45088 | F5: CDE1F23 | G5: Aprovado | H5: Aprovado | I5: Aprovado | J5: Aprovado | K5: Aprovado | L5: Aprovado | M5: Aprovado | N5: Aprovado | O5: 200
E6: 44962 | F6: CDE1F23 | G6: Aprovado | H6: Aprovado | I6: Aprovado | J6: Aprovado | K6: Reprovado | L6: Aprovado | M6: Aprovado | N6: Aprovado | O6: 3000 | P6: Desgaste prematuro | Q6: Trocar freios
E7: 44967 | F7: CDE1F23 | G7: Aprovado | H7: Aprovado | I7: Aprovado | J7: Aprovado | K7: Aprovado | L7: Aprovado | M7: Aprovado | N7: Aprovado | O7: 200
E8: 45097 | F8: ABC1D34 | G8: Aprovado | H8: Aprovado | I8: Reprovado | J8: Aprovado | K8: Aprovado | L8: Aprovado | M8: Aprovado | N8: Aprovado | O8: 10000 | P8: Ação da natureza | Q8: Enchente
E9: 45099 | F9: ABC1D34 | G9: Aprovado | H9: Aprovado | I9: Aprovado | J9: Aprovado | K9: Aprovado | L9: Aprovado | M9: Aprovado | N9: Aprovado | O9: 200
E10: 45015 | F10: DDD1D11 | G10: Reprovado | H10: Aprovado | I10: Aprovado | J10: Aprovado | K10: Aprovado | L10: Aprovado | M10: Aprovado | N10: Aprovado | O10: 300 | P10: Problema na instalação | Q10: Fixar setas
E11: 45050 | F11: DDD1D11 | G11: Aprovado | H11: Aprovado | I11: Aprovado | J11: Aprovado | K11: Aprovado | L11: Aprovado | M11: Aprovado | N11: Aprovado | O11: 100

Sheet Dashboard
D1: Dashboard
