Workbook

Sheet Cadastro
B2: Cadastro
B3: Preencha informações iniciais sobre os indicadores que quer acompanhar
B5: Lista de Indicadores | C5: Tipo | D5: Objetivo | E5: Responsável por Acompanhar
B6: Resultado Líquido | C6: Moeda | D6: Aumentar | E6: Marina, CEO
B7: Satisfação dos Clientes | C7: Porcentagem | D7: Aumentar | E7: Jéssica, Gerente de Produto
B8: Custos Operacionais | C8: Moeda | D8: Diminuir | E8: Altair, Coordenador Financeiro
B9: Novos clientes | C9: Número | D9: Aumentar | E9: Felipe, Gerente Comercial

Sheet Acompanhamento
B2: Acompanhamento
B3: Preencha os valores mensais dos indicadores
B5: Indicador | C5: Ano/Mês | D5: Mês | E5: Meta | F5: Valor | G5: Valor Ano Anterior
B6: Resultado Líquido | C6: 44927 | D6: =MONTH(Tabela2[[#This Row],[Ano/Mês]]) -> 1 | E6: 2000000 | F6: 2294081 | G6: 2248199.4
B7: Resultado Líquido | C7: 44958 | D7: =MONTH(Tabela2[[#This Row],[Ano/Mês]]) -> 2 | E7: 2000000 | F7: 2114678 | G7: 2368439.4
B8: Resultado Líquido | C8: 44986 | D8: =MONTH(Tabela2[[#This Row],[Ano/Mês]]) -> 3 | E8: 2000000 | F8: 2460768 | G8: 1648714.6
B9: Resultado Líquido | C9: 45017 | D9: =MONTH(Tabela2[[#This Row],[Ano/Mês]]) -> 4 | E9: 1000000 | F9: 1022902 | G9: 849008.66
B10: Resultado Líquido | C10: 45047 | D10: =MONTH(Tabela2[[#This Row],[Ano/Mês]]) -> 5 | E10: 1000000 | F10: 1457753 | G10: 1530640.6
B11: Resultado Líquido | C11: 45078 | D11: =MONTH(Tabela2[[#This Row],[Ano/Mês]]) -> 6 | E11: 1500000 | F11: 1680322 | G11: 1965976.7
B12: Resultado Líquido | C12: 45108 | D12: =MONTH(Tabela2[[#This Row],[Ano/Mês]]) -> 7 | E12: 1500000 | F12: 1032934 | G12: 1198203.4
B13: Resultado Líquido | C13: 45139 | D13: =MONTH(Tabela2[[#This Row],[Ano/Mês]]) -> 8 | E13: 2000000 | F13: 2238683 | G13: 2664032.8
B14: Resultado Líquido | C14: 45170 | D14: =MONTH(Tabela2[[#This Row],[Ano/Mês]]) -> 9 | E14: 2000000 | F14: 2107255 | G14: 1538296.1
B15: Resultado Líquido | C15: 45200 | D15: =MONTH(Tabela2[[#This Row],[Ano/Mês]]) -> 10 | E15: 2000000 | F15: 1557482 | G15: 1541907.2
B16: Resultado Líquido | C16: 45231 | D16: =MONTH(Tabela2[[#This Row],[Ano/Mês]]) -> 11 | E16: 2000000 | F16: 2369991 | G16: 1990792.4
B17: Resultado Líquido | C17: 45261 | D17: =MONTH(Tabela2[[#This Row],[Ano/Mês]]) -> 12 | E17: 2000000 | F17: 2342473 | G17: 1452333.3
... B53: Novos clientes | C53: 45261 | D53: =MONTH(Tabela2[[#This Row],[Ano/Mês]]) -> 12 | E53: 1500 | F53: 1484 | G53: 1513.68
D54: =MONTH(Tabela2[[#This Row],[Ano/Mês]]) -> 1
D55: =MONTH(Tabela2[[#This Row],[Ano/Mês]]) -> 1
D56: =MONTH(Tabela2[[#This Row],[Ano/Mês]]) -> 1
D57: =MONTH(Tabela2[[#This Row],[Ano/Mês]]) -> 1
D58: =MONTH(Tabela2[[#This Row],[Ano/Mês]]) -> 1
D59: =MONTH(Tabela2[[#This Row],[Ano/Mês]]) -> 1
D60: =MONTH(Tabela2[[#This Row],[Ano/Mês]]) -> 1
D61: =MONTH(Tabela2[[#This Row],[Ano/Mês]]) -> 1
D62: =MONTH(Tabela2[[#This Row],[Ano/Mês]]) -> 1
D63: =MONTH(Tabela2[[#This Row],[Ano/Mês]]) -> 1
D64: =MONTH(Tabela2[[#This Row],[Ano/Mês]]) -> 1
D65: =MONTH(Tabela2[[#This Row],[Ano/Mês]]) -> 1
... D1403: =MONTH(Tabela2[[#This Row],[Ano/Mês]]) -> 1

Sheet Indicadores Ano
B2: Indicadores do Ano
B3: Acompanhe os valores para seus indicadores esse ano
D5: 1 | F5: 2 | H5: 3 | J5: 4 | L5: 5 | N5: 6 | P5: 7 | R5: 8 | T5: 9 | V5: 10 | X5: 11 | Z5: 12
B6: Indicadores | D6: Janeiro | F6: Fevereiro | H6: Março | J6: Abril | L6: Maio | N6: Junho | P6: Julho | R6: Agosto | T6: Setembro | V6: Outubro | X6: Novembro | Z6: Dezembro
B8: Resultado Líquido | D8: =SUMIFS(Acompanhamento!$F:$F,Acompanhamento!$D:$D,'Indicadores Ano'!D$5,Acompanhamento!$B:$B,'Indicadores Ano'!$B8) -> 2294081 | F8: =SUMIFS(Acompanhamento!$F:$F,Acompanhamento!$D:$D,'Indicadores Ano'!F$5,Acompanhamento!$B:$B,'Indicadores Ano'!$B8) -> 2114678 | H8: =SUMIFS(Acompanhamento!$F:$F,Acompanhamento!$D:$D,'Indicadores Ano'!H$5,Acompanhamento!$B:$B,'Indicadores Ano'!$B8) -> 2460768 | J8: =SUMIFS(Acompanhamento!$F:$F,Acompanhamento!$D:$D,'Indicadores Ano'!J$5,Acompanhamento!$B:$B,'Indicadores Ano'!$B8) -> 1022902 | L8: =SUMIFS(Acompanhamento!$F:$F,Acompanhamento!$D:$D,'Indicadores Ano'!L$5,Acompanhamento!$B:$B,'Indicadores Ano'!$B8) -> 1457753 | N8: =SUMIFS(Acompanhamento!$F:$F,Acompanhamento!$D:$D,'Indicadores Ano'!N$5,Acompanhamento!$B:$B,'Indicadores Ano'!$B8) -> 1680322 | P8: =SUMIFS(Acompanhamento!$F:$F,Acompanhamento!$D:$D,'Indicadores Ano'!P$5,Acompanhamento!$B:$B,'Indicadores Ano'!$B8) -> 1032934 | R8: =SUMIFS(Acompanhamento!$F:$F,Acompanhamento!$D:$D,'Indicadores Ano'!R$5,Acompanhamento!$B:$B,'Indicadores Ano'!$B8) -> 2238683 | T8: =SUMIFS(Acompanhamento!$F:$F,Acompanhamento!$D:$D,'Indicadores Ano'!T$5,Acompanhamento!$B:$B,'Indicadores Ano'!$B8) -> 2107255 | V8: =SUMIFS(Acompanhamento!$F:$F,Acompanhamento!$D:$D,'Indicadores Ano'!V$5,Acompanhamento!$B:$B,'Indicadores Ano'!$B8) -> 1557482 | X8: =SUMIFS(Acompanhamento!$F:$F,Acompanhamento!$D:$D,'Indicadores Ano'!X$5,Acompanhamento!$B:$B,'Indicadores Ano'!$B8) -> 2369991 | Z8: =SUMIFS(Acompanhamento!$F:$F,Acompanhamento!$D:$D,'Indicadores Ano'!Z$5,Acompanhamento!$B:$B,'Indicadores Ano'!$B8) -> 2342473
B10: Satisfação dos Clientes | D10: =SUMIFS(Acompanhamento!$F:$F,Acompanhamento!$D:$D,'Indicadores Ano'!D$5,Acompanhamento!$B:$B,'Indicadores Ano'!$B10) -> 78 | F10: =SUMIFS(Acompanhamento!$F:$F,Acompanhamento!$D:$D,'Indicadores Ano'!F$5,Acompanhamento!$B:$B,'Indicadores Ano'!$B10) -> 70 | H10: =SUMIFS(Acompanhamento!$F:$F,Acompanhamento!$D:$D,'Indicadores Ano'!H$5,Acompanhamento!$B:$B,'Indicadores Ano'!$B10) -> 65 | J10: =SUMIFS(Acompanhamento!$F:$F,Acompanhamento!$D:$D,'Indicadores Ano'!J$5,Acompanhamento!$B:$B,'Indicadores Ano'!$B10) -> 80 | L10: =SUMIFS(Acompanhamento!$F:$F,Acompanhamento!$D:$D,'Indicadores Ano'!L$5,Acompanhamento!$B:$B,'Indicadores Ano'!$B10) -> 90 | N10: =SUMIFS(Acompanhamento!$F:$F,Acompanhamento!$D:$D,'Indicadores Ano'!N$5,Acompanhamento!$B:$B,'Indicadores Ano'!$B10) -> 90 | P10: =SUMIFS(Acompanhamento!$F:$F,Acompanhamento!$D:$D,'Indicadores Ano'!P$5,Acompanhamento!$B:$B,'Indicadores Ano'!$B10) -> 90 | R10: =SUMIFS(Acompanhamento!$F:$F,Acompanhamento!$D:$D,'Indicadores Ano'!R$5,Acompanhamento!$B:$B,'Indicadores Ano'!$B10) -> 90 | T10: =SUMIFS(Acompanhamento!$F:$F,Acompanhamento!$D:$D,'Indicadores Ano'!T$5,Acompanhamento!$B:$B,'Indicadores Ano'!$B10) -> 70 | V10: =SUMIFS(Acompanhamento!$F:$F,Acompanhamento!$D:$D,'Indicadores Ano'!V$5,Acompanhamento!$B:$B,'Indicadores Ano'!$B10) -> 75 | X10: =SUMIFS(Acompanhamento!$F:$F,Acompanhamento!$D:$D,'Indicadores Ano'!X$5,Acompanhamento!$B:$B,'Indicadores Ano'!$B10) -> 79 | Z10: =SUMIFS(Acompanhamento!$F:$F,Acompanhamento!$D:$D,'Indicadores Ano'!Z$5,Acompanhamento!$B:$B,'Indicadores Ano'!$B10) -> 75
B12: Custos Operacionais | D12: =SUMIFS(Acompanhamento!$F:$F,Acompanhamento!$D:$D,'Indicadores Ano'!D$5,Acompanhamento!$B:$B,'Indicadores Ano'!$B12) -> 578847 | F12: =SUMIFS(Acompanhamento!$F:$F,Acompanhamento!$D:$D,'Indicadores Ano'!F$5,Acompanhamento!$B:$B,'Indicadores Ano'!$B12) -> 568572 | H12: =SUMIFS(Acompanhamento!$F:$F,Acompanhamento!$D:$D,'Indicadores Ano'!H$5,Acompanhamento!$B:$B,'Indicadores Ano'!$B12) -> 961589 | J12: =SUMIFS(Acompanhamento!$F:$F,Acompanhamento!$D:$D,'Indicadores Ano'!J$5,Acompanhamento!$B:$B,'Indicadores Ano'!$B12) -> 104143 | L12: =SUMIFS(Acompanhamento!$F:$F,Acompanhamento!$D:$D,'Indicadores Ano'!L$5,Acompanhamento!$B:$B,'Indicadores Ano'!$B12) -> 689501 | N12: =SUMIFS(Acompanhamento!$F:$F,Acompanhamento!$D:$D,'Indicadores Ano'!N$5,Acompanhamento!$B:$B,'Indicadores Ano'!$B12) -> 279834 | P12: =SUMIFS(Acompanhamento!$F:$F,Acompanhamento!$D:$D,'Indicadores Ano'!P$5,Acompanhamento!$B:$B,'Indicadores Ano'!$B12) -> 259048 | R12: =SUMIFS(Acompanhamento!$F:$F,Acompanhamento!$D:$D,'Indicadores Ano'!R$5,Acompanhamento!$B:$B,'Indicadores Ano'!$B12) -> 331424 | T12: =SUMIFS(Acompanhamento!$F:$F,Acompanhamento!$D:$D,'Indicadores Ano'!T$5,Acompanhamento!$B:$B,'Indicadores Ano'!$B12) -> 647284 | V12: =SUMIFS(Acompanhamento!$F:$F,Acompanhamento!$D:$D,'Indicadores Ano'!V$5,Acompanhamento!$B:$B,'Indicadores Ano'!$B12) -> 544605 | X12: =SUMIFS(Acompanhamento!$F:$F,Acompanhamento!$D:$D,'Indicadores Ano'!X$5,Acompanhamento!$B:$B,'Indicadores Ano'!$B12) -> 1090205 | Z12: =SUMIFS(Acompanhamento!$F:$F,Acompanhamento!$D:$D,'Indicadores Ano'!Z$5,Acompanhamento!$B:$B,'Indicadores Ano'!$B12) -> 324898
B14: Novos Clientes | D14: =SUMIFS(Acompanhamento!$F:$F,Acompanhamento!$D:$D,'Indicadores Ano'!D$5,Acompanhamento!$B:$B,'Indicadores Ano'!$B14) -> 1561 | F14: =SUMIFS(Acompanhamento!$F:$F,Acompanhamento!$D:$D,'Indicadores Ano'!F$5,Acompanhamento!$B:$B,'Indicadores Ano'!$B14) -> 1365 | H14: =SUMIFS(Acompanhamento!$F:$F,Acompanhamento!$D:$D,'Indicadores Ano'!H$5,Acompanhamento!$B:$B,'Indicadores Ano'!$B14) -> 1452 | J14: =SUMIFS(Acompanhamento!$F:$F,Acompanhamento!$D:$D,'Indicadores Ano'!J$5,Acompanhamento!$B:$B,'Indicadores Ano'!$B14) -> 419 | L14: =SUMIFS(Acompanhamento!$F:$F,Acompanhamento!$D:$D,'Indicadores Ano'!L$5,Acompanhamento!$B:$B,'Indicadores Ano'!$B14) -> 199 | N14: =SUMIFS(Acompanhamento!$F:$F,Acompanhamento!$D:$D,'Indicadores Ano'!N$5,Acompanhamento!$B:$B,'Indicadores Ano'!$B14) -> 488 | P14: =SUMIFS(Acompanhamento!$F:$F,Acompanhamento!$D:$D,'Indicadores Ano'!P$5,Acompanhamento!$B:$B,'Indicadores Ano'!$B14) -> 709 | R14: =SUMIFS(Acompanhamento!$F:$F,Acompanhamento!$D:$D,'Indicadores Ano'!R$5,Acompanhamento!$B:$B,'Indicadores Ano'!$B14) -> 1466 | T14: =SUMIFS(Acompanhamento!$F:$F,Acompanhamento!$D:$D,'Indicadores Ano'!T$5,Acompanhamento!$B:$B,'Indicadores Ano'!$B14) -> 1576 | V14: =SUMIFS(Acompanhamento!$F:$F,Acompanhamento!$D:$D,'Indicadores Ano'!V$5,Acompanhamento!$B:$B,'Indicadores Ano'!$B14) -> 1659 | X14: =SUMIFS(Acompanhamento!$F:$F,Acompanhamento!$D:$D,'Indicadores Ano'!X$5,Acompanhamento!$B:$B,'Indicadores Ano'!$B14) -> 1465 | Z14: =SUMIFS(Acompanhamento!$F:$F,Acompanhamento!$D:$D,'Indicadores Ano'!Z$5,Acompanhamento!$B:$B,'Indicadores Ano'!$B14) -> 1484

Sheet Quadro
B2: Quadro de Indicadores
B3: Acompanhe as principais informações dos seus indicadores
F5: 1 | H5: 2 | J5: 3 | L5: 4 | N5: 5 | P5: 6 | R5: 7 | T5: 8 | V5: 9 | X5: 10 | Z5: 11 | AB5: 12
B6: Indicador | D6: =VLOOKUP(B8,Cadastro!B:C,2,0) -> Moeda | F6: Janeiro | H6: Fevereiro | J6: Março | L6: Abril | N6: Maio | P6: Junho | R6: Julho | T6: Agosto | V6: Setembro | X6: Outubro | Z6: Novembro | AB6: Dezembro
B8: =Cadastro!B6 -> Resultado Líquido | D8: Meta | F8: =SUMIFS(Acompanhamento!$E:$E,Acompanhamento!$D:$D,F$5,Acompanhamento!$B:$B,$B8) -> 2000000 | H8: =SUMIFS(Acompanhamento!$E:$E,Acompanhamento!$D:$D,H$5,Acompanhamento!$B:$B,$B8) -> 2000000 | J8: =SUMIFS(Acompanhamento!$E:$E,Acompanhamento!$D:$D,J$5,Acompanhamento!$B:$B,$B8) -> 2000000 | L8: =SUMIFS(Acompanhamento!$E:$E,Acompanhamento!$D:$D,L$5,Acompanhamento!$B:$B,$B8) -> 1000000 | N8: =SUMIFS(Acompanhamento!$E:$E,Acompanhamento!$D:$D,N$5,Acompanhamento!$B:$B,$B8) -> 1000000 | P8: =SUMIFS(Acompanhamento!$E:$E,Acompanhamento!$D:$D,P$5,Acompanhamento!$B:$B,$B8) -> 1500000 | R8: =SUMIFS(Acompanhamento!$E:$E,Acompanhamento!$D:$D,R$5,Acompanhamento!$B:$B,$B8) -> 1500000 | T8: =SUMIFS(Acompanhamento!$E:$E,Acompanhamento!$D:$D,T$5,Acompanhamento!$B:$B,$B8) -> 2000000 | V8: =SUMIFS(Acompanhamento!$E:$E,Acompanhamento!$D:$D,V$5,Acompanhamento!$B:$B,$B8) -> 2000000 | X8: =SUMIFS(Acompanhamento!$E:$E,Acompanhamento!$D:$D,X$5,Acompanhamento!$B:$B,$B8) -> 2000000 | Z8: =SUMIFS(Acompanhamento!$E:$E,Acompanhamento!$D:$D,Z$5,Acompanhamento!$B:$B,$B8) -> 2000000 | AB8: =SUMIFS(Acompanhamento!$E:$E,Acompanhamento!$D:$D,AB$5,Acompanhamento!$B:$B,$B8) -> 2000000
D10: Resultado | F10: =SUMIFS(Acompanhamento!$F:$F,Acompanhamento!$D:$D,F$5,Acompanhamento!$B:$B,$B8) -> 2294081 | H10: =SUMIFS(Acompanhamento!$F:$F,Acompanhamento!$D:$D,H$5,Acompanhamento!$B:$B,$B8) -> 2114678 | J10: =SUMIFS(Acompanhamento!$F:$F,Acompanhamento!$D:$D,J$5,Acompanhamento!$B:$B,$B8) -> 2460768 | L10: =SUMIFS(Acompanhamento!$F:$F,Acompanhamento!$D:$D,L$5,Acompanhamento!$B:$B,$B8) -> 1022902 | N10: =SUMIFS(Acompanhamento!$F:$F,Acompanhamento!$D:$D,N$5,Acompanhamento!$B:$B,$B8) -> 1457753 | P10: =SUMIFS(Acompanhamento!$F:$F,Acompanhamento!$D:$D,P$5,Acompanhamento!$B:$B,$B8) -> 1680322 | R10: =SUMIFS(Acompanhamento!$F:$F,Acompanhamento!$D:$D,R$5,Acompanhamento!$B:$B,$B8) -> 1032934 | T10: =SUMIFS(Acompanhamento!$F:$F,Acompanhamento!$D:$D,T$5,Acompanhamento!$B:$B,$B8) -> 2238683 | V10: =SUMIFS(Acompanhamento!$F:$F,Acompanhamento!$D:$D,V$5,Acompanhamento!$B:$B,$B8) -> 2107255 | X10: =SUMIFS(Acompanhamento!$F:$F,Acompanhamento!$D:$D,X$5,Acompanhamento!$B:$B,$B8) -> 1557482 | Z10: =SUMIFS(Acompanhamento!$F:$F,Acompanhamento!$D:$D,Z$5,Acompanhamento!$B:$B,$B8) -> 2369991 | AB10: =SUMIFS(Acompanhamento!$F:$F,Acompanhamento!$D:$D,AB$5,Acompanhamento!$B:$B,$B8) -> 2342473
D12: % Meta | F12: =F10/F8 -> 1.1470405 | H12: =H10/H8 -> 1.057339 | J12: =J10/J8 -> 1.230384 | L12: =L10/L8 -> 1.022902 | N12: =N10/N8 -> 1.457753 | P12: =P10/P8 -> 1.1202147 | R12: =R10/R8 -> 0.68862267 | T12: =T10/T8 -> 1.1193415 | V12: =V10/V8 -> 1.0536275 | X12: =X10/X8 -> 0.778741 | Z12: =Z10/Z8 -> 1.1849955 | AB12: =AB10/AB8 -> 1.1712365
D14: Ano anterior | F14: =SUMIFS(Acompanhamento!$G:$G,Acompanhamento!$D:$D,F$5,Acompanhamento!$B:$B,$B8) -> 2248199.4 | H14: =SUMIFS(Acompanhamento!$G:$G,Acompanhamento!$D:$D,H$5,Acompanhamento!$B:$B,$B8) -> 2368439.4 | J14: =SUMIFS(Acompanhamento!$G:$G,Acompanhamento!$D:$D,J$5,Acompanhamento!$B:$B,$B8) -> 1648714.6 | L14: =SUMIFS(Acompanhamento!$G:$G,Acompanhamento!$D:$D,L$5,Acompanhamento!$B:$B,$B8) -> 849008.66 | N14: =SUMIFS(Acompanhamento!$G:$G,Acompanhamento!$D:$D,N$5,Acompanhamento!$B:$B,$B8) -> 1530640.6 | P14: =SUMIFS(Acompanhamento!$G:$G,Acompanhamento!$D:$D,P$5,Acompanhamento!$B:$B,$B8) -> 1965976.7 | R14: =SUMIFS(Acompanhamento!$G:$G,Acompanhamento!$D:$D,R$5,Acompanhamento!$B:$B,$B8) -> 1198203.4 | T14: =SUMIFS(Acompanhamento!$G:$G,Acompanhamento!$D:$D,T$5,Acompanhamento!$B:$B,$B8) -> 2664032.8 | V14: =SUMIFS(Acompanhamento!$G:$G,Acompanhamento!$D:$D,V$5,Acompanhamento!$B:$B,$B8) -> 1538296.1 | X14: =SUMIFS(Acompanhamento!$G:$G,Acompanhamento!$D:$D,X$5,Acompanhamento!$B:$B,$B8) -> 1541907.2 | Z14: =SUMIFS(Acompanhamento!$G:$G,Acompanhamento!$D:$D,Z$5,Acompanhamento!$B:$B,$B8) -> 1990792.4 | AB14: =SUMIFS(Acompanhamento!$G:$G,Acompanhamento!$D:$D,AB$5,Acompanhamento!$B:$B,$B8) -> 1452333.3
D16: Evolução ano Anterior | F16: =(F10/F14) -> 1.0204082 | H16: =(H10/H14) -> 0.89285714 | J16: =(J10/J14) -> 1.4925373 | L16: =(L10/L14) -> 1.2048193 | N16: =(N10/N14) -> 0.95238095 | P16: =(P10/P14) -> 0.85470085 | R16: =(R10/R14) -> 0.86206897 | T16: =(T10/T14) -> 0.84033613 | V16: =(V10/V14) -> 1.369863 | X16: =(X10/X14) -> 1.010101 | Z16: =(Z10/Z14) -> 1.1904762 | AB16: =(AB10/AB14) -> 1.6129032
B19: Indicador | D19: =VLOOKUP(B21,Cadastro!B:C,2,0) -> Porcentagem | F19: Janeiro | H19: Fevereiro | J19: Março | L19: Abril | N19: Maio | P19: Junho | R19: Julho | T19: Agosto | V19: Setembro | X19: Outubro | Z19: Novembro | AB19: Dezembro
B21: =Cadastro!B7 -> Satisfação dos Clientes | D21: Meta | F21: =SUMIFS(Acompanhamento!$E:$E,Acompanhamento!$D:$D,F$5,Acompanhamento!$B:$B,$B21) -> 75 | H21: =SUMIFS(Acompanhamento!$E:$E,Acompanhamento!$D:$D,H$5,Acompanhamento!$B:$B,$B21) -> 75 | J21: =SUMIFS(Acompanhamento!$E:$E,Acompanhamento!$D:$D,J$5,Acompanhamento!$B:$B,$B21) -> 75 | L21: =SUMIFS(Acompanhamento!$E:$E,Acompanhamento!$D:$D,L$5,Acompanhamento!$B:$B,$B21) -> 75 | N21: =SUMIFS(Acompanhamento!$E:$E,Acompanhamento!$D:$D,N$5,Acompanhamento!$B:$B,$B21) -> 75 | P21: =SUMIFS(Acompanhamento!$E:$E,Acompanhamento!$D:$D,P$5,Acompanhamento!$B:$B,$B21) -> 75 | R21: =SUMIFS(Acompanhamento!$E:$E,Acompanhamento!$D:$D,R$5,Acompanhamento!$B:$B,$B21) -> 75 | T21: =SUMIFS(Acompanhamento!$E:$E,Acompanhamento!$D:$D,T$5,Acompanhamento!$B:$B,$B21) -> 75 | V21: =SUMIFS(Acompanhamento!$E:$E,Acompanhamento!$D:$D,V$5,Acompanhamento!$B:$B,$B21) -> 75 | X21: =SUMIFS(Acompanhamento!$E:$E,Acompanhamento!$D:$D,X$5,Acompanhamento!$B:$B,$B21) -> 75 | Z21: =SUMIFS(Acompanhamento!$E:$E,Acompanhamento!$D:$D,Z$5,Acompanhamento!$B:$B,$B21) -> 75 | AB21: =SUMIFS(Acompanhamento!$E:$E,Acompanhamento!$D:$D,AB$5,Acompanhamento!$B:$B,$B21) -> 75
D23: Resultado | F23: =SUMIFS(Acompanhamento!$F:$F,Acompanhamento!$D:$D,F$5,Acompanhamento!$B:$B,$B21) -> 78 | H23: =SUMIFS(Acompanhamento!$F:$F,Acompanhamento!$D:$D,H$5,Acompanhamento!$B:$B,$B21) -> 70 | J23: =SUMIFS(Acompanhamento!$F:$F,Acompanhamento!$D:$D,J$5,Acompanhamento!$B:$B,$B21) -> 65 | L23: =SUMIFS(Acompanhamento!$F:$F,Acompanhamento!$D:$D,L$5,Acompanhamento!$B:$B,$B21) -> 80 | N23: =SUMIFS(Acompanhamento!$F:$F,Acompanhamento!$D:$D,N$5,Acompanhamento!$B:$B,$B21) -> 90 | P23: =SUMIFS(Acompanhamento!$F:$F,Acompanhamento!$D:$D,P$5,Acompanhamento!$B:$B,$B21) -> 90 | R23: =SUMIFS(Acompanhamento!$F:$F,Acompanhamento!$D:$D,R$5,Acompanhamento!$B:$B,$B21) -> 90 | T23: =SUMIFS(Acompanhamento!$F:$F,Acompanhamento!$D:$D,T$5,Acompanhamento!$B:$B,$B21) -> 90 | V23: =SUMIFS(Acompanhamento!$F:$F,Acompanhamento!$D:$D,V$5,Acompanhamento!$B:$B,$B21) -> 70 | X23: =SUMIFS(Acompanhamento!$F:$F,Acompanhamento!$D:$D,X$5,Acompanhamento!$B:$B,$B21) -> 75 | Z23: =SUMIFS(Acompanhamento!$F:$F,Acompanhamento!$D:$D,Z$5,Acompanhamento!$B:$B,$B21) -> 79 | AB23: =SUMIFS(Acompanhamento!$F:$F,Acompanhamento!$D:$D,AB$5,Acompanhamento!$B:$B,$B21) -> 75
D25: % Meta | F25: =F23/F21 -> 1.04 | H25: =H23/H21 -> 0.93333333 | J25: =J23/J21 -> 0.86666667 | L25: =L23/L21 -> 1.0666667 | N25: =N23/N21 -> 1.2 | P25: =P23/P21 -> 1.2 | R25: =R23/R21 -> 1.2 | T25: =T23/T21 -> 1.2 | V25: =V23/V21 -> 0.93333333 | X25: =X23/X21 -> 1 | Z25: =Z23/Z21 -> 1.0533333 | AB25: =AB23/AB21 -> 1
D27: Ano anterior | F27: =SUMIFS(Acompanhamento!$G:$G,Acompanhamento!$D:$D,F$5,Acompanhamento!$B:$B,$B21) -> 81.12 | H27: =SUMIFS(Acompanhamento!$G:$G,Acompanhamento!$D:$D,H$5,Acompanhamento!$B:$B,$B21) -> 50.4 | J27: =SUMIFS(Acompanhamento!$G:$G,Acompanhamento!$D:$D,J$5,Acompanhamento!$B:$B,$B21) -> 65.65 | L27: =SUMIFS(Acompanhamento!$G:$G,Acompanhamento!$D:$D,L$5,Acompanhamento!$B:$B,$B21) -> 60 | N27: =SUMIFS(Acompanhamento!$G:$G,Acompanhamento!$D:$D,N$5,Acompanhamento!$B:$B,$B21) -> 81.9 | P27: =SUMIFS(Acompanhamento!$G:$G,Acompanhamento!$D:$D,P$5,Acompanhamento!$B:$B,$B21) -> 87.3 | R27: =SUMIFS(Acompanhamento!$G:$G,Acompanhamento!$D:$D,R$5,Acompanhamento!$B:$B,$B21) -> 85.5 | T27: =SUMIFS(Acompanhamento!$G:$G,Acompanhamento!$D:$D,T$5,Acompanhamento!$B:$B,$B21) -> 95.4 | V27: =SUMIFS(Acompanhamento!$G:$G,Acompanhamento!$D:$D,V$5,Acompanhamento!$B:$B,$B21) -> 45.5 | X27: =SUMIFS(Acompanhamento!$G:$G,Acompanhamento!$D:$D,X$5,Acompanhamento!$B:$B,$B21) -> 46.5 | Z27: =SUMIFS(Acompanhamento!$G:$G,Acompanhamento!$D:$D,Z$5,Acompanhamento!$B:$B,$B21) -> 65.57 | AB27: =SUMIFS(Acompanhamento!$G:$G,Acompanhamento!$D:$D,AB$5,Acompanhamento!$B:$B,$B21) -> 60
D29: Evolução ano Anterior | F29: =(F23/F27) -> 0.96153846 | H29: =(H23/H27) -> 1.3888889 | J29: =(J23/J27) -> 0.99009901 | L29: =(L23/L27) -> 1.3333333 | N29: =(N23/N27) -> 1.0989011 | P29: =(P23/P27) -> 1.0309278 | R29: =(R23/R27) -> 1.0526316 | T29: =(T23/T27) -> 0.94339623 | V29: =(V23/V27) -> 1.5384615 | X29: =(X23/X27) -> 1.6129032 | Z29: =(Z23/Z27) -> 1.2048193 | AB29: =(AB23/AB27) -> 1.25
B32: Indicador | D32: =VLOOKUP(B34,Cadastro!B:C,2,0) -> Moeda | F32: Janeiro | H32: Fevereiro | J32: Março | L32: Abril | N32: Maio | P32: Junho | R32: Julho | T32: Agosto | V32: Setembro | X32: Outubro | Z32: Novembro | AB32: Dezembro
B34: =Cadastro!B8 -> Custos Operacionais | D34: Meta | F34: =SUMIFS(Acompanhamento!$E:$E,Acompanhamento!$D:$D,F$5,Acompanhamento!$B:$B,$B34) -> 600000 | H34: =SUMIFS(Acompanhamento!$E:$E,Acompanhamento!$D:$D,H$5,Acompanhamento!$B:$B,$B34) -> 600000 | J34: =SUMIFS(Acompanhamento!$E:$E,Acompanhamento!$D:$D,J$5,Acompanhamento!$B:$B,$B34) -> 600000 | L34: =SUMIFS(Acompanhamento!$E:$E,Acompanhamento!$D:$D,L$5,Acompanhamento!$B:$B,$B34) -> 600000 | N34: =SUMIFS(Acompanhamento!$E:$E,Acompanhamento!$D:$D,N$5,Acompanhamento!$B:$B,$B34) -> 600000 | P34: =SUMIFS(Acompanhamento!$E:$E,Acompanhamento!$D:$D,P$5,Acompanhamento!$B:$B,$B34) -> 600000 | R34: =SUMIFS(Acompanhamento!$E:$E,Acompanhamento!$D:$D,R$5,Acompanhamento!$B:$B,$B34) -> 600000 | T34: =SUMIFS(Acompanhamento!$E:$E,Acompanhamento!$D:$D,T$5,Acompanhamento!$B:$B,$B34) -> 600000 | V34: =SUMIFS(Acompanhamento!$E:$E,Acompanhamento!$D:$D,V$5,Acompanhamento!$B:$B,$B34) -> 600000 | X34: =SUMIFS(Acompanhamento!$E:$E,Acompanhamento!$D:$D,X$5,Acompanhamento!$B:$B,$B34) -> 600000 | Z34: =SUMIFS(Acompanhamento!$E:$E,Acompanhamento!$D:$D,Z$5,Acompanhamento!$B:$B,$B34) -> 600000 | AB34: =SUMIFS(Acompanhamento!$E:$E,Acompanhamento!$D:$D,AB$5,Acompanhamento!$B:$B,$B34) -> 600000
D36: Resultado | F36: =SUMIFS(Acompanhamento!$F:$F,Acompanhamento!$D:$D,F$5,Acompanhamento!$B:$B,$B34) -> 578847 | H36: =SUMIFS(Acompanhamento!$F:$F,Acompanhamento!$D:$D,H$5,Acompanhamento!$B:$B,$B34) -> 568572 | J36: =SUMIFS(Acompanhamento!$F:$F,Acompanhamento!$D:$D,J$5,Acompanhamento!$B:$B,$B34) -> 961589 | L36: =SUMIFS(Acompanhamento!$F:$F,Acompanhamento!$D:$D,L$5,Acompanhamento!$B:$B,$B34) -> 104143 | N36: =SUMIFS(Acompanhamento!$F:$F,Acompanhamento!$D:$D,N$5,Acompanhamento!$B:$B,$B34) -> 689501 | P36: =SUMIFS(Acompanhamento!$F:$F,Acompanhamento!$D:$D,P$5,Acompanhamento!$B:$B,$B34) -> 279834 | R36: =SUMIFS(Acompanhamento!$F:$F,Acompanhamento!$D:$D,R$5,Acompanhamento!$B:$B,$B34) -> 259048 | T36: =SUMIFS(Acompanhamento!$F:$F,Acompanhamento!$D:$D,T$5,Acompanhamento!$B:$B,$B34) -> 331424 | V36: =SUMIFS(Acompanhamento!$F:$F,Acompanhamento!$D:$D,V$5,Acompanhamento!$B:$B,$B34) -> 647284 | X36: =SUMIFS(Acompanhamento!$F:$F,Acompanhamento!$D:$D,X$5,Acompanhamento!$B:$B,$B34) -> 544605 | Z36: =SUMIFS(Acompanhamento!$F:$F,Acompanhamento!$D:$D,Z$5,Acompanhamento!$B:$B,$B34) -> 1090205 | AB36: =SUMIFS(Acompanhamento!$F:$F,Acompanhamento!$D:$D,AB$5,Acompanhamento!$B:$B,$B34) -> 324898
D38: % Meta | F38: =F36/F34 -> 0.964745 | H38: =H36/H34 -> 0.94762 | J38: =J36/J34 -> 1.6026483 | L38: =L36/L34 -> 0.17357167 | N38: =N36/N34 -> 1.1491683 | P38: =P36/P34 -> 0.46639 | R38: =R36/R34 -> 0.43174667 | T38: =T36/T34 -> 0.55237333 | V38: =V36/V34 -> 1.0788067 | X38: =X36/X34 -> 0.907675 | Z38: =Z36/Z34 -> 1.8170083 | AB38: =AB36/AB34 -> 0.54149667
D40: Ano anterior | F40: =SUMIFS(Acompanhamento!$G:$G,Acompanhamento!$D:$D,F$5,Acompanhamento!$B:$B,$B34) -> 515173.83 | H40: =SUMIFS(Acompanhamento!$G:$G,Acompanhamento!$D:$D,H$5,Acompanhamento!$B:$B,$B34) -> 670914.96 | J40: =SUMIFS(Acompanhamento!$G:$G,Acompanhamento!$D:$D,J$5,Acompanhamento!$B:$B,$B34) -> 1134675 | L40: =SUMIFS(Acompanhamento!$G:$G,Acompanhamento!$D:$D,L$5,Acompanhamento!$B:$B,$B34) -> 68734.38 | N40: =SUMIFS(Acompanhamento!$G:$G,Acompanhamento!$D:$D,N$5,Acompanhamento!$B:$B,$B34) -> 468860.68 | P40: =SUMIFS(Acompanhamento!$G:$G,Acompanhamento!$D:$D,P$5,Acompanhamento!$B:$B,$B34) -> 167900.4 | R40: =SUMIFS(Acompanhamento!$G:$G,Acompanhamento!$D:$D,R$5,Acompanhamento!$B:$B,$B34) -> 292724.24 | T40: =SUMIFS(Acompanhamento!$G:$G,Acompanhamento!$D:$D,T$5,Acompanhamento!$B:$B,$B34) -> 235311.04 | V40: =SUMIFS(Acompanhamento!$G:$G,Acompanhamento!$D:$D,V$5,Acompanhamento!$B:$B,$B34) -> 763795.12 | X40: =SUMIFS(Acompanhamento!$G:$G,Acompanhamento!$D:$D,X$5,Acompanhamento!$B:$B,$B34) -> 626295.75 | Z40: =SUMIFS(Acompanhamento!$G:$G,Acompanhamento!$D:$D,Z$5,Acompanhamento!$B:$B,$B34) -> 1013890.7 | AB40: =SUMIFS(Acompanhamento!$G:$G,Acompanhamento!$D:$D,AB$5,Acompanhamento!$B:$B,$B34) -> 360636.78
D42: Evolução ano Anterior | F42: =(F36/F40) -> 1.1235955 | H42: =(H36/H40) -> 0.84745763 | J42: =(J36/J40) -> 0.84745763 | L42: =(L36/L40) -> 1.5151515 | N42: =(N36/N40) -> 1.4705882 | P42: =(P36/P40) -> 1.6666667 | R42: =(R36/R40) -> 0.88495575 | T42: =(T36/T40) -> 1.4084507 | V42: =(V36/V40) -> 0.84745763 | X42: =(X36/X40) -> 0.86956522 | Z42: =(Z36/Z40) -> 1.0752688 | AB42: =(AB36/AB40) -> 0.9009009
B45: Indicador | D45: =VLOOKUP(B47,Cadastro!B:C,2,0) -> Número | F45: Janeiro | H45: Fevereiro | J45: Março | L45: Abril | N45: Maio | P45: Junho | R45: Julho | T45: Agosto | V45: Setembro | X45: Outubro | Z45: Novembro | AB45: Dezembro
B47: =Cadastro!B9 -> Novos clientes | D47: Meta | F47: =SUMIFS(Acompanhamento!$E:$E,Acompanhamento!$D:$D,F$5,Acompanhamento!$B:$B,$B47) -> 1500 | H47: =SUMIFS(Acompanhamento!$E:$E,Acompanhamento!$D:$D,H$5,Acompanhamento!$B:$B,$B47) -> 1500 | J47: =SUMIFS(Acompanhamento!$E:$E,Acompanhamento!$D:$D,J$5,Acompanhamento!$B:$B,$B47) -> 1500 | L47: =SUMIFS(Acompanhamento!$E:$E,Acompanhamento!$D:$D,L$5,Acompanhamento!$B:$B,$B47) -> 300 | N47: =SUMIFS(Acompanhamento!$E:$E,Acompanhamento!$D:$D,N$5,Acompanhamento!$B:$B,$B47) -> 300 | P47: =SUMIFS(Acompanhamento!$E:$E,Acompanhamento!$D:$D,P$5,Acompanhamento!$B:$B,$B47) -> 600 | R47: =SUMIFS(Acompanhamento!$E:$E,Acompanhamento!$D:$D,R$5,Acompanhamento!$B:$B,$B47) -> 600 | T47: =SUMIFS(Acompanhamento!$E:$E,Acompanhamento!$D:$D,T$5,Acompanhamento!$B:$B,$B47) -> 1500 | V47: =SUMIFS(Acompanhamento!$E:$E,Acompanhamento!$D:$D,V$5,Acompanhamento!$B:$B,$B47) -> 1500 | X47: =SUMIFS(Acompanhamento!$E:$E,Acompanhamento!$D:$D,X$5,Acompanhamento!$B:$B,$B47) -> 1500 | Z47: =SUMIFS(Acompanhamento!$E:$E,Acompanhamento!$D:$D,Z$5,Acompanhamento!$B:$B,$B47) -> 1500 | AB47: =SUMIFS(Acompanhamento!$E:$E,Acompanhamento!$D:$D,AB$5,Acompanhamento!$B:$B,$B47) -> 1500
D49: Resultado | F49: =SUMIFS(Acompanhamento!$F:$F,Acompanhamento!$D:$D,F$5,Acompanhamento!$B:$B,$B47) -> 1561 | H49: =SUMIFS(Acompanhamento!$F:$F,Acompanhamento!$D:$D,H$5,Acompanhamento!$B:$B,$B47) -> 1365 | J49: =SUMIFS(Acompanhamento!$F:$F,Acompanhamento!$D:$D,J$5,Acompanhamento!$B:$B,$B47) -> 1452 | L49: =SUMIFS(Acompanhamento!$F:$F,Acompanhamento!$D:$D,L$5,Acompanhamento!$B:$B,$B47) -> 419 | N49: =SUMIFS(Acompanhamento!$F:$F,Acompanhamento!$D:$D,N$5,Acompanhamento!$B:$B,$B47) -> 199 | P49: =SUMIFS(Acompanhamento!$F:$F,Acompanhamento!$D:$D,P$5,Acompanhamento!$B:$B,$B47) -> 488 | R49: =SUMIFS(Acompanhamento!$F:$F,Acompanhamento!$D:$D,R$5,Acompanhamento!$B:$B,$B47) -> 709 | T49: =SUMIFS(Acompanhamento!$F:$F,Acompanhamento!$D:$D,T$5,Acompanhamento!$B:$B,$B47) -> 1466 | V49: =SUMIFS(Acompanhamento!$F:$F,Acompanhamento!$D:$D,V$5,Acompanhamento!$B:$B,$B47) -> 1576 | X49: =SUMIFS(Acompanhamento!$F:$F,Acompanhamento!$D:$D,X$5,Acompanhamento!$B:$B,$B47) -> 1659 | Z49: =SUMIFS(Acompanhamento!$F:$F,Acompanhamento!$D:$D,Z$5,Acompanhamento!$B:$B,$B47) -> 1465 | AB49: =SUMIFS(Acompanhamento!$F:$F,Acompanhamento!$D:$D,AB$5,Acompanhamento!$B:$B,$B47) -> 1484
D51: % Meta | F51: =F49/F47 -> 1.0406667 | H51: =H49/H47 -> 0.91 | J51: =J49/J47 -> 0.968 | L51: =L49/L47 -> 1.3966667 | N51: =N49/N47 -> 0.66333333 | P51: =P49/P47 -> 0.81333333 | R51: =R49/R47 -> 1.1816667 | T51: =T49/T47 -> 0.97733333 | V51: =V49/V47 -> 1.0506667 | X51: =X49/X47 -> 1.106 | Z51: =Z49/Z47 -> 0.97666667 | AB51: =AB49/AB47 -> 0.98933333
D53: Ano anterior | F53: =SUMIFS(Acompanhamento!$G:$G,Acompanhamento!$D:$D,F$5,Acompanhamento!$B:$B,$B47) -> 1014.65 | H53: =SUMIFS(Acompanhamento!$G:$G,Acompanhamento!$D:$D,H$5,Acompanhamento!$B:$B,$B47) -> 1487.85 | J53: =SUMIFS(Acompanhamento!$G:$G,Acompanhamento!$D:$D,J$5,Acompanhamento!$B:$B,$B47) -> 1408.44 | L53: =SUMIFS(Acompanhamento!$G:$G,Acompanhamento!$D:$D,L$5,Acompanhamento!$B:$B,$B47) -> 435.76 | N53: =SUMIFS(Acompanhamento!$G:$G,Acompanhamento!$D:$D,N$5,Acompanhamento!$B:$B,$B47) -> 175.12 | P53: =SUMIFS(Acompanhamento!$G:$G,Acompanhamento!$D:$D,P$5,Acompanhamento!$B:$B,$B47) -> 302.56 | R53: =SUMIFS(Acompanhamento!$G:$G,Acompanhamento!$D:$D,R$5,Acompanhamento!$B:$B,$B47) -> 786.99 | T53: =SUMIFS(Acompanhamento!$G:$G,Acompanhamento!$D:$D,T$5,Acompanhamento!$B:$B,$B47) -> 1568.62 | V53: =SUMIFS(Acompanhamento!$G:$G,Acompanhamento!$D:$D,V$5,Acompanhamento!$B:$B,$B47) -> 1891.2 | X53: =SUMIFS(Acompanhamento!$G:$G,Acompanhamento!$D:$D,X$5,Acompanhamento!$B:$B,$B47) -> 1045.17 | Z53: =SUMIFS(Acompanhamento!$G:$G,Acompanhamento!$D:$D,Z$5,Acompanhamento!$B:$B,$B47) -> 952.25 | AB53: =SUMIFS(Acompanhamento!$G:$G,Acompanhamento!$D:$D,AB$5,Acompanhamento!$B:$B,$B47) -> 1513.68
D55: Evolução ano Anterior | F55: =(F49/F53) -> 1.5384615 | H55: =(H49/H53) -> 0.91743119 | J55: =(J49/J53) -> 1.0309278 | L55: =(L49/L53) -> 0.96153846 | N55: =(N49/N53) -> 1.1363636 | P55: =(P49/P53) -> 1.6129032 | R55: =(R49/R53) -> 0.9009009 | T55: =(T49/T53) -> 0.93457944 | V55: =(V49/V53) -> 0.83333333 | X55: =(X49/X53) -> 1.5873016 | Z55: =(Z49/Z53) -> 1.5384615 | AB55: =(AB49/AB53) -> 0.98039216

Sheet Análise Unitário
B2: Análise Unitária
B3: Selecione o indicador desejado para acompanhar suas principais informações
B5: Indicador | C5: Satisfação dos Clientes
D7: 1 | F7: 2 | H7: 3 | J7: 4 | L7: 5 | N7: 6 | P7: 7 | R7: 8 | T7: 9 | V7: 10 | X7: 11 | Z7: 12
B8: Valores | D8: Janeiro | F8: Fevereiro | H8: Março | J8: Abril | L8: Maio | N8: Junho | P8: Julho | R8: Agosto | T8: Setembro | V8: Outubro | X8: Novembro | Z8: Dezembro
B10: Meta | D10: =SUMIFS(Acompanhamento!$E:$E,Acompanhamento!$D:$D,D$7,Acompanhamento!$B:$B,$C$5) -> 75 | F10: =SUMIFS(Acompanhamento!$E:$E,Acompanhamento!$D:$D,F$7,Acompanhamento!$B:$B,$C$5) -> 75 | H10: =SUMIFS(Acompanhamento!$E:$E,Acompanhamento!$D:$D,H$7,Acompanhamento!$B:$B,$C$5) -> 75 | J10: =SUMIFS(Acompanhamento!$E:$E,Acompanhamento!$D:$D,J$7,Acompanhamento!$B:$B,$C$5) -> 75 | L10: =SUMIFS(Acompanhamento!$E:$E,Acompanhamento!$D:$D,L$7,Acompanhamento!$B:$B,$C$5) -> 75 | N10: =SUMIFS(Acompanhamento!$E:$E,Acompanhamento!$D:$D,N$7,Acompanhamento!$B:$B,$C$5) -> 75 | P10: =SUMIFS(Acompanhamento!$E:$E,Acompanhamento!$D:$D,P$7,Acompanhamento!$B:$B,$C$5) -> 75 | R10: =SUMIFS(Acompanhamento!$E:$E,Acompanhamento!$D:$D,R$7,Acompanhamento!$B:$B,$C$5) -> 75 | T10: =SUMIFS(Acompanhamento!$E:$E,Acompanhamento!$D:$D,T$7,Acompanhamento!$B:$B,$C$5) -> 75 | V10: =SUMIFS(Acompanhamento!$E:$E,Acompanhamento!$D:$D,V$7,Acompanhamento!$B:$B,$C$5) -> 75 | X10: =SUMIFS(Acompanhamento!$E:$E,Acompanhamento!$D:$D,X$7,Acompanhamento!$B:$B,$C$5) -> 75 | Z10: =SUMIFS(Acompanhamento!$E:$E,Acompanhamento!$D:$D,Z$7,Acompanhamento!$B:$B,$C$5) -> 75
B12: Resultado | D12: =SUMIFS(Acompanhamento!$F:$F,Acompanhamento!$D:$D,D$7,Acompanhamento!$B:$B,$C$5) -> 78 | F12: =SUMIFS(Acompanhamento!$F:$F,Acompanhamento!$D:$D,F$7,Acompanhamento!$B:$B,$C$5) -> 70 | H12: =SUMIFS(Acompanhamento!$F:$F,Acompanhamento!$D:$D,H$7,Acompanhamento!$B:$B,$C$5) -> 65 | J12: =SUMIFS(Acompanhamento!$F:$F,Acompanhamento!$D:$D,J$7,Acompanhamento!$B:$B,$C$5) -> 80 | L12: =SUMIFS(Acompanhamento!$F:$F,Acompanhamento!$D:$D,L$7,Acompanhamento!$B:$B,$C$5) -> 90 | N12: =SUMIFS(Acompanhamento!$F:$F,Acompanhamento!$D:$D,N$7,Acompanhamento!$B:$B,$C$5) -> 90 | P12: =SUMIFS(Acompanhamento!$F:$F,Acompanhamento!$D:$D,P$7,Acompanhamento!$B:$B,$C$5) -> 90 | R12: =SUMIFS(Acompanhamento!$F:$F,Acompanhamento!$D:$D,R$7,Acompanhamento!$B:$B,$C$5) -> 90 | T12: =SUMIFS(Acompanhamento!$F:$F,Acompanhamento!$D:$D,T$7,Acompanhamento!$B:$B,$C$5) -> 70 | V12: =SUMIFS(Acompanhamento!$F:$F,Acompanhamento!$D:$D,V$7,Acompanhamento!$B:$B,$C$5) -> 75 | X12: =SUMIFS(Acompanhamento!$F:$F,Acompanhamento!$D:$D,X$7,Acompanhamento!$B:$B,$C$5) -> 79 | Z12: =SUMIFS(Acompanhamento!$F:$F,Acompanhamento!$D:$D,Z$7,Acompanhamento!$B:$B,$C$5) -> 75
B14: % Meta | D14: =D12/D10 -> 1.04 | F14: =F12/F10 -> 0.93333333 | H14: =H12/H10 -> 0.86666667 | J14: =J12/J10 -> 1.0666667 | L14: =L12/L10 -> 1.2 | N14: =N12/N10 -> 1.2 | P14: =P12/P10 -> 1.2 | R14: =R12/R10 -> 1.2 | T14: =T12/T10 -> 0.93333333 | V14: =V12/V10 -> 1 | X14: =X12/X10 -> 1.0533333 | Z14: =Z12/Z10 -> 1
B16: Ano Anterior | D16: =SUMIFS(Acompanhamento!$G:$G,Acompanhamento!$D:$D,D$7,Acompanhamento!$B:$B,$C$5) -> 81.12 | F16: =SUMIFS(Acompanhamento!$G:$G,Acompanhamento!$D:$D,F$7,Acompanhamento!$B:$B,$C$5) -> 50.4 | H16: =SUMIFS(Acompanhamento!$G:$G,Acompanhamento!$D:$D,H$7,Acompanhamento!$B:$B,$C$5) -> 65.65 | J16: =SUMIFS(Acompanhamento!$G:$G,Acompanhamento!$D:$D,J$7,Acompanhamento!$B:$B,$C$5) -> 60 | L16: =SUMIFS(Acompanhamento!$G:$G,Acompanhamento!$D:$D,L$7,Acompanhamento!$B:$B,$C$5) -> 81.9 | N16: =SUMIFS(Acompanhamento!$G:$G,Acompanhamento!$D:$D,N$7,Acompanhamento!$B:$B,$C$5) -> 87.3 | P16: =SUMIFS(Acompanhamento!$G:$G,Acompanhamento!$D:$D,P$7,Acompanhamento!$B:$B,$C$5) -> 85.5 | R16: =SUMIFS(Acompanhamento!$G:$G,Acompanhamento!$D:$D,R$7,Acompanhamento!$B:$B,$C$5) -> 95.4 | T16: =SUMIFS(Acompanhamento!$G:$G,Acompanhamento!$D:$D,T$7,Acompanhamento!$B:$B,$C$5) -> 45.5 | V16: =SUMIFS(Acompanhamento!$G:$G,Acompanhamento!$D:$D,V$7,Acompanhamento!$B:$B,$C$5) -> 46.5 | X16: =SUMIFS(Acompanhamento!$G:$G,Acompanhamento!$D:$D,X$7,Acompanhamento!$B:$B,$C$5) -> 65.57 | Z16: =SUMIFS(Acompanhamento!$G:$G,Acompanhamento!$D:$D,Z$7,Acompanhamento!$B:$B,$C$5) -> 60
B18: % Ano Anterior | D18: =D12/D16 -> 0.96153846 | F18: =F12/F16 -> 1.3888889 | H18: =H12/H16 -> 0.99009901 | J18: =J12/J16 -> 1.3333333 | L18: =L12/L16 -> 1.0989011 | N18: =N12/N16 -> 1.0309278 | P18: =P12/P16 -> 1.0526316 | R18: =R12/R16 -> 0.94339623 | T18: =T12/T16 -> 1.5384615 | V18: =V12/V16 -> 1.6129032 | X18: =X12/X16 -> 1.2048193 | Z18: =Z12/Z16 -> 1.25
B20: Meta x Resultado x Ano anterior
